Name,Cloud Cover,Solar Radiation,Relative Humidity,Temperature,Wind Speed,Solar Energy
"Matsuyama, Japan",100.0,0.0,57.7,9.8,6.8,0.0
"Matsuyama, Japan",100.0,0.0,62.7,9.5,7.2,0.0
"Matsuyama, Japan",100.0,0.0,66.6,9.3,7.2,0.0
"Matsuyama, Japan",100.0,0.0,70.1,9.1,6.1,0.0
"Matsuyama, Japan",100.0,0.0,71.4,9.1,4.3,0.0
"Matsuyama, Japan",22.6,0.0,74.5,8.9,5.8,0.0
"Matsuyama, Japan",36.5,4.0,75.4,9.1,6.5,0.0
"Matsuyama, Japan",7.5,45.0,64.0,11.9,3.2,0.2
"Matsuyama, Japan",74.4,114.0,52.7,14.6,2.5,0.4
"Matsuyama, Japan",100.0,191.0,44.2,15.9,6.1,0.7
"Matsuyama, Japan",81.1,638.0,42.5,16.4,8.3,2.3
"Matsuyama, Japan",100.0,739.0,43.0,17.1,9.7,2.7
"Matsuyama, Japan",100.0,787.0,46.2,17.4,9.4,2.8
"Matsuyama, Japan",76.9,767.0,49.4,17.1,7.6,2.8
"Matsuyama, Japan",90.9,797.0,49.0,17.8,8.6,2.9
"Matsuyama, Japan",50.5,795.0,48.7,18.3,7.6,2.9
"Matsuyama, Japan",100.0,631.0,44.2,19.0,6.1,2.3
"Matsuyama, Japan",97.0,471.0,48.4,18.2,6.1,1.7
"Matsuyama, Japan",86.8,372.0,55.5,16.8,6.5,1.3
"Matsuyama, Japan",88.3,287.0,67.4,14.1,4.3,1.0
"Matsuyama, Japan",41.2,229.0,71.4,13.3,8.3,0.8
"Matsuyama, Japan",100.0,191.0,75.5,12.6,9.0,0.7
"Matsuyama, Japan",100.0,0.0,75.9,12.2,9.4,0.0
"Matsuyama, Japan",100.0,0.0,71.3,13.2,10.1,0.0
"Matsuyama, Japan",97.3,0.0,72.9,13.2,9.4,0.0
"Matsuyama, Japan",99.1,0.0,74.8,13.2,9.0,0.0
"Matsuyama, Japan",100.0,0.0,78.5,12.8,10.4,0.0
"Matsuyama, Japan",100.0,0.0,78.9,13.0,9.4,0.0
"Matsuyama, Japan",100.0,0.0,77.8,13.8,6.8,0.0
"Matsuyama, Japan",100.0,0.0,78.1,14.0,6.5,0.0
"Matsuyama, Japan",100.0,0.0,78.5,14.4,6.5,0.0
"Matsuyama, Japan",100.0,6.0,78.8,14.9,5.0,0.0
"Matsuyama, Japan",100.0,18.0,77.8,15.9,1.8,0.1
"Matsuyama, Japan",100.0,21.0,91.5,14.6,2.5,0.1
"Matsuyama, Japan",100.0,85.0,92.4,15.1,3.6,0.3
"Matsuyama, Japan",100.0,86.0,92.0,15.5,2.9,0.3
"Matsuyama, Japan",100.0,81.0,94.0,15.2,0.4,0.3
"Matsuyama, Japan",100.0,82.0,93.8,15.5,0.7,0.3
"Matsuyama, Japan",100.0,82.0,93.9,15.5,2.2,0.3
"Matsuyama, Japan",100.0,82.0,93.3,15.7,1.4,0.3
"Matsuyama, Japan",100.0,40.0,93.5,15.2,5.0,0.1
"Matsuyama, Japan",99.8,29.0,95.3,14.7,4.0,0.1
"Matsuyama, Japan",100.0,40.0,94.5,15.1,1.1,0.1
"Matsuyama, Japan",100.0,30.0,94.5,14.7,5.4,0.1
"Matsuyama, Japan",100.0,24.0,95.9,14.4,4.7,0.1
"Matsuyama, Japan",100.0,20.0,96.5,14.5,5.8,0.1
"Matsuyama, Japan",100.0,0.0,97.0,14.4,2.2,0.0
"Matsuyama, Japan",100.0,0.0,97.6,14.3,3.2,0.0
"Matsuyama, Japan",100.0,0.0,97.5,14.4,4.3,0.0
"Matsuyama, Japan",100.0,0.0,97.6,14.3,0.7,0.0
"Matsuyama, Japan",100.0,0.0,98.8,14.1,1.8,0.0
"Matsuyama, Japan",100.0,0.0,98.8,14.0,1.8,0.0
"Matsuyama, Japan",100.0,0.0,99.4,14.0,2.9,0.0
"Matsuyama, Japan",100.0,0.0,99.0,14.0,2.5,0.0
"Matsuyama, Japan",100.0,0.0,98.5,14.0,1.8,0.0
"Matsuyama, Japan",100.0,0.0,97.4,14.0,0.7,0.0
"Matsuyama, Japan",100.0,2.0,98.4,13.7,2.2,0.0
"Matsuyama, Japan",100.0,4.0,99.0,13.6,4.7,0.0
"Matsuyama, Japan",100.0,20.0,97.9,13.6,1.4,0.1
"Matsuyama, Japan",100.0,37.0,98.9,13.4,10.4,0.1
"Matsuyama, Japan",100.0,34.0,98.3,12.9,10.1,0.1
"Matsuyama, Japan",100.0,33.0,97.5,12.9,6.1,0.1
"Matsuyama, Japan",100.0,30.0,97.5,12.5,6.1,0.1
"Matsuyama, Japan",100.0,32.0,94.5,12.6,10.4,0.1
"Matsuyama, Japan",100.0,79.0,93.6,13.0,5.8,0.3
"Matsuyama, Japan",100.0,94.0,94.5,12.9,7.6,0.3
"Matsuyama, Japan",100.0,102.0,95.0,12.8,4.7,0.4
"Matsuyama, Japan",100.0,82.0,96.6,12.0,2.5,0.3
"Matsuyama, Japan",100.0,65.0,96.9,11.6,1.1,0.2
"Matsuyama, Japan",100.0,54.0,96.0,11.4,6.8,0.2
"Matsuyama, Japan",30.8,0.0,94.0,11.1,6.5,0.0
"Matsuyama, Japan",1.7,0.0,92.5,10.7,7.9,0.0
"Matsuyama, Japan",0.0,0.0,90.9,10.5,7.9,0.0
"Matsuyama, Japan",0.0,0.0,89.5,10.3,8.6,0.0
"Matsuyama, Japan",0.0,0.0,87.6,10.0,8.3,0.0
"Matsuyama, Japan",8.8,0.0,86.0,9.7,8.3,0.0
"Matsuyama, Japan",0.0,0.0,84.9,9.7,8.6,0.0
"Matsuyama, Japan",6.0,0.0,85.0,9.6,10.8,0.0
"Matsuyama, Japan",33.7,5.0,84.5,10.2,11.9,0.0
"Matsuyama, Japan",7.0,45.0,82.5,12.9,10.8,0.2
"Matsuyama, Japan",9.8,113.0,66.3,16.6,7.9,0.4
"Matsuyama, Japan",4.9,192.0,56.9,17.9,10.1,0.7
"Matsuyama, Japan",0.0,778.0,52.5,19.1,13.0,2.8
"Matsuyama, Japan",3.7,845.0,50.0,20.0,17.6,3.0
"Matsuyama, Japan",57.7,888.0,48.7,20.5,21.2,3.2
"Matsuyama, Japan",94.6,861.0,58.5,19.1,22.0,3.1
"Matsuyama, Japan",99.5,747.0,64.3,17.4,16.6,2.7
"Matsuyama, Japan",26.5,665.0,63.5,17.3,16.2,2.4
"Matsuyama, Japan",3.0,615.0,70.0,16.5,20.9,2.2
"Matsuyama, Japan",0.2,527.0,54.5,16.1,18.0,1.9
"Matsuyama, Japan",0.0,426.0,59.2,14.5,15.1,1.5
"Matsuyama, Japan",0.0,328.0,61.5,13.0,15.8,1.2
"Matsuyama, Japan",0.0,262.0,63.0,12.8,20.9,0.9
"Matsuyama, Japan",0.0,219.0,65.0,12.5,21.6,0.8
"Matsuyama, Japan",0.0,0.0,66.6,11.9,15.5,0.0
"Matsuyama, Japan",0.0,0.0,69.0,10.9,13.7,0.0
"Matsuyama, Japan",0.0,0.0,65.9,10.5,13.0,0.0
"Matsuyama, Japan",0.0,0.0,65.6,9.9,11.9,0.0
"Matsuyama, Japan",1.2,0.0,66.0,9.6,9.7,0.0
"Matsuyama, Japan",3.5,0.0,67.4,9.2,9.0,0.0
"Matsuyama, Japan",4.0,0.0,66.6,8.9,9.0,0.0
"Matsuyama, Japan",1.8,0.0,67.4,8.6,7.9,0.0
"Matsuyama, Japan",0.0,6.0,67.5,8.9,8.3,0.0
"Matsuyama, Japan",23.2,50.0,59.0,11.1,8.6,0.2
"Matsuyama, Japan",6.9,120.0,50.0,12.9,10.1,0.4
"Matsuyama, Japan",8.5,202.0,46.0,13.8,12.2,0.7
"Matsuyama, Japan",100.0,795.0,44.5,14.4,14.0,2.9
"Matsuyama, Japan",100.0,716.0,47.9,14.0,15.8,2.6
"Matsuyama, Japan",100.0,644.0,55.9,13.0,23.0,2.3
"Matsuyama, Japan",100.0,541.0,68.8,11.4,15.8,1.9
"Matsuyama, Japan",99.8,479.0,66.9,11.8,11.5,1.7
"Matsuyama, Japan",23.1,434.0,62.4,12.0,7.9,1.6
"Matsuyama, Japan",17.1,417.0,63.1,12.1,7.3,1.5
"Matsuyama, Japan",11.0,400.0,63.9,12.3,6.7,1.4
"Matsuyama, Japan",5.0,383.0,64.6,12.5,6.1,1.4
"Matsuyama, Japan",3.3,321.0,68.4,11.3,7.0,1.2
"Matsuyama, Japan",1.7,259.0,72.2,10.1,7.8,0.9
"Matsuyama, Japan",0.0,197.0,76.0,8.9,8.6,0.7
"Matsuyama, Japan",9.2,131.3,77.0,8.8,8.3,0.5
"Matsuyama, Japan",18.5,65.7,78.0,8.7,7.9,0.2
"Matsuyama, Japan",27.7,0.0,79.0,8.7,7.6,0.0
"Matsuyama, Japan",19.9,0.0,82.4,8.5,7.9,0.0
"Matsuyama, Japan",12.2,0.0,85.7,8.3,8.3,0.0
"Matsuyama, Japan",4.4,0.0,89.1,8.1,8.6,0.0
"Matsuyama, Japan",2.9,2.0,87.2,8.3,7.8,0.0
"Matsuyama, Japan",1.5,4.0,85.4,8.5,7.0,0.0
"Matsuyama, Japan",0.0,6.0,83.5,8.7,6.1,0.0
"Matsuyama, Japan",1.8,71.3,78.0,10.0,9.1,0.3
"Matsuyama, Japan",3.7,136.7,72.6,11.4,12.1,0.5
"Matsuyama, Japan",5.5,202.0,67.1,12.8,15.1,0.7
"Matsuyama, Japan",25.3,424.3,62.8,13.4,14.4,1.5
"Matsuyama, Japan",45.2,646.7,58.5,13.9,13.7,2.3
"Matsuyama, Japan",65.0,869.0,54.2,14.6,13.0,3.1
"Matsuyama, Japan",46.4,845.3,54.1,14.8,13.7,3.0
"Matsuyama, Japan",27.9,821.7,54.0,15.0,14.4,3.0
"Matsuyama, Japan",9.3,798.0,53.9,15.3,15.1,2.9
"Matsuyama, Japan",6.3,680.0,57.1,14.8,11.4,2.4
"Matsuyama, Japan",3.3,562.0,60.3,14.3,7.7,2.0
"Matsuyama, Japan",0.3,444.0,63.5,13.8,4.0,1.6
"Matsuyama, Japan",0.2,372.0,67.0,12.4,5.4,1.3
"Matsuyama, Japan",0.1,300.0,70.6,11.2,6.8,1.1
"Matsuyama, Japan",0.0,228.0,74.1,9.9,8.3,0.8
"Matsuyama, Japan",0.0,152.0,74.6,9.4,8.5,0.5
"Matsuyama, Japan",0.0,76.0,75.0,9.0,8.8,0.3
"Matsuyama, Japan",0.0,0.0,75.5,8.6,9.0,0.0
"Matsuyama, Japan",0.0,0.0,73.8,8.4,8.8,0.0
"Matsuyama, Japan",0.0,0.0,72.2,8.2,8.5,0.0
"Matsuyama, Japan",0.0,0.0,70.5,8.1,8.3,0.0
"Matsuyama, Japan",0.0,2.3,68.7,8.3,8.0,0.0
"Matsuyama, Japan",0.0,4.7,66.8,8.5,7.8,0.0
"Matsuyama, Japan",0.0,7.0,65.0,8.7,7.6,0.0
"Matsuyama, Japan",1.7,74.3,59.5,11.0,7.3,0.3
"Matsuyama, Japan",3.3,141.7,54.0,13.3,7.1,0.5
"Matsuyama, Japan",5.0,209.0,48.5,15.7,6.8,0.8
"Matsuyama, Japan",3.3,443.7,48.0,16.4,7.3,1.6
"Matsuyama, Japan",1.7,678.3,47.4,17.2,7.8,2.4
"Matsuyama, Japan",0.0,913.0,46.9,18.0,8.3,3.3
"Matsuyama, Japan",3.4,912.7,49.9,17.7,7.7,3.3
"Matsuyama, Japan",6.7,912.3,53.0,17.4,7.1,3.3
"Matsuyama, Japan",10.1,912.0,56.0,17.1,6.5,3.3
"Matsuyama, Japan",8.4,752.7,59.8,17.2,4.6,2.7
"Matsuyama, Japan",6.7,593.3,63.6,17.3,2.6,2.1
"Matsuyama, Japan",5.0,434.0,67.4,17.4,0.7,1.6
"Matsuyama, Japan",5.1,364.0,72.2,16.0,3.1,1.3
"Matsuyama, Japan",5.2,294.0,77.0,14.6,5.5,1.1
"Matsuyama, Japan",5.3,224.0,81.8,13.3,7.9,0.8
"Matsuyama, Japan",36.9,149.3,81.2,13.0,8.2,0.5
"Matsuyama, Japan",68.4,74.7,80.6,12.7,8.4,0.3
"Matsuyama, Japan",100.0,0.0,80.0,12.5,8.6,0.0
"Matsuyama, Japan",93.8,0.0,77.0,12.3,8.6,0.0
"Matsuyama, Japan",87.7,0.0,74.0,12.1,8.6,0.0
"Matsuyama, Japan",81.5,0.0,71.0,12.0,8.6,0.0
"Matsuyama, Japan",87.7,2.3,72.0,11.9,8.4,0.0
"Matsuyama, Japan",93.8,4.7,73.1,11.8,8.2,0.0
"Matsuyama, Japan",100.0,7.0,74.1,11.7,7.9,0.0
"Matsuyama, Japan",100.0,58.7,68.1,14.0,6.5,0.2
"Matsuyama, Japan",100.0,110.3,62.2,16.3,5.0,0.4
"Matsuyama, Japan",100.0,162.0,56.2,18.7,3.6,0.6
"Matsuyama, Japan",100.0,386.3,52.3,20.0,5.4,1.4
"Matsuyama, Japan",100.0,610.7,48.4,21.3,7.2,2.2
"Matsuyama, Japan",100.0,835.0,44.5,22.7,9.0,3.0
"Matsuyama, Japan",100.0,823.7,46.1,22.6,10.7,3.0
"Matsuyama, Japan",100.0,812.3,47.8,22.5,12.4,2.9
"Matsuyama, Japan",100.0,801.0,49.4,22.5,14.0,2.9
"Matsuyama, Japan",100.0,655.0,52.8,21.4,16.1,2.4
"Matsuyama, Japan",100.0,509.0,56.3,20.3,18.1,1.8
"Matsuyama, Japan",100.0,363.0,59.7,19.2,20.2,1.3
"Matsuyama, Japan",100.0,303.0,63.2,18.5,17.6,1.1
"Matsuyama, Japan",100.0,243.0,66.8,17.8,15.1,0.9
"Matsuyama, Japan",100.0,183.0,70.3,17.1,12.6,0.7
"Matsuyama, Japan",100.0,122.0,70.8,17.0,12.4,0.4
"Matsuyama, Japan",100.0,61.0,71.3,17.0,12.1,0.2
"Matsuyama, Japan",100.0,0.0,71.8,17.0,11.9,0.0
"Matsuyama, Japan",100.0,0.0,77.2,16.7,13.0,0.0
"Matsuyama, Japan",100.0,0.0,82.5,16.4,14.0,0.0
"Matsuyama, Japan",100.0,0.0,87.9,16.1,15.1,0.0
"Matsuyama, Japan",100.0,0.0,89.9,16.0,13.7,0.0
"Matsuyama, Japan",100.0,0.0,92.0,15.9,12.2,0.0
"Matsuyama, Japan",100.0,0.0,94.0,15.9,10.8,0.0
"Matsuyama, Japan",100.0,11.3,92.7,16.5,10.7,0.0
"Matsuyama, Japan",100.0,22.7,91.4,17.1,10.6,0.1
"Matsuyama, Japan",100.0,34.0,90.1,17.7,10.4,0.1
"Matsuyama, Japan",100.0,81.7,89.1,18.0,9.5,0.3
"Matsuyama, Japan",100.0,129.3,88.0,18.3,8.5,0.5
"Matsuyama, Japan",100.0,177.0,87.0,18.6,7.6,0.6
"Matsuyama, Japan",100.0,170.7,87.5,18.5,6.4,0.6
"Matsuyama, Japan",100.0,164.3,88.1,18.4,5.2,0.6
"Matsuyama, Japan",100.0,158.0,88.6,18.4,4.0,0.6
"Matsuyama, Japan",100.0,118.3,90.4,18.0,4.0,0.4
"Matsuyama, Japan",100.0,78.7,92.2,17.6,4.0,0.3
"Matsuyama, Japan",100.0,39.0,94.0,17.3,4.0,0.1
"Matsuyama, Japan",100.0,33.0,94.5,17.2,3.7,0.1
"Matsuyama, Japan",100.0,27.0,95.0,17.2,3.5,0.1
"Matsuyama, Japan",100.0,21.0,95.5,17.2,3.2,0.1
"Matsuyama, Japan",100.0,14.0,95.3,17.2,4.6,0.1
"Matsuyama, Japan",100.0,7.0,95.2,17.3,5.9,0.0
"Matsuyama, Japan",100.0,0.0,95.0,17.4,7.2,0.0
"Matsuyama, Japan",100.0,0.0,95.1,17.3,6.2,0.0
"Matsuyama, Japan",100.0,0.0,95.3,17.2,5.3,0.0
"Matsuyama, Japan",100.0,0.0,95.4,17.2,4.3,0.0
"Matsuyama, Japan",97.8,0.3,95.4,17.3,3.8,0.0
"Matsuyama, Japan",95.7,0.7,95.5,17.4,3.4,0.0
"Matsuyama, Japan",93.5,1.0,95.5,17.5,2.9,0.0
"Matsuyama, Japan",85.3,45.3,94.4,18.0,3.8,0.2
"Matsuyama, Japan",77.2,89.7,93.4,18.6,4.8,0.3
"Matsuyama, Japan",69.0,134.0,92.3,19.2,5.8,0.5
"Matsuyama, Japan",77.9,232.7,92.1,19.1,6.1,0.8
"Matsuyama, Japan",86.9,331.3,92.0,19.1,6.5,1.2
"Matsuyama, Japan",95.8,430.0,91.8,19.1,6.8,1.5
"Matsuyama, Japan",97.2,402.7,91.4,19.1,5.5,1.4
"Matsuyama, Japan",98.6,375.3,90.9,19.1,4.2,1.4
"Matsuyama, Japan",100.0,348.0,90.5,19.1,2.9,1.3
"Matsuyama, Japan",99.2,302.7,90.9,19.1,2.2,1.1
"Matsuyama, Japan",98.3,257.3,91.2,19.1,1.4,0.9
"Matsuyama, Japan",97.5,212.0,91.6,19.1,0.7,0.8
"Matsuyama, Japan",98.1,177.3,93.5,18.6,1.2,0.6
"Matsuyama, Japan",98.8,142.7,95.4,18.1,1.7,0.5
"Matsuyama, Japan",99.4,108.0,97.3,17.6,2.2,0.4
"Matsuyama, Japan",99.3,72.0,97.0,17.6,2.4,0.3
"Matsuyama, Japan",99.1,36.0,96.8,17.6,2.6,0.1
"Matsuyama, Japan",99.0,0.0,96.5,17.6,2.9,0.0
"Matsuyama, Japan",88.2,0.0,95.9,17.3,4.8,0.0
"Matsuyama, Japan",77.3,0.0,95.2,17.0,6.7,0.0
"Matsuyama, Japan",66.5,0.0,94.6,16.7,8.6,0.0
"Matsuyama, Japan",77.7,2.3,94.3,16.6,9.0,0.0
"Matsuyama, Japan",88.8,4.7,93.9,16.5,9.4,0.0
"Matsuyama, Japan",100.0,7.0,93.6,16.5,9.7,0.0
"Matsuyama, Japan",100.0,21.7,89.3,17.4,10.8,0.1
"Matsuyama, Japan",100.0,36.3,85.1,18.3,11.9,0.1
"Matsuyama, Japan",100.0,51.0,80.8,19.2,13.0,0.2
"Matsuyama, Japan",100.0,232.3,77.5,19.9,15.8,0.8
"Matsuyama, Japan",100.0,413.7,74.3,20.6,18.7,1.5
"Matsuyama, Japan",100.0,595.0,71.0,21.4,21.6,2.1
"Matsuyama, Japan",100.0,517.7,72.9,21.4,21.2,1.9
"Matsuyama, Japan",100.0,440.3,74.7,21.4,20.9,1.6
"Matsuyama, Japan",100.0,363.0,76.6,21.4,20.5,1.3
"Matsuyama, Japan",100.0,247.3,81.4,20.7,21.0,0.9
"Matsuyama, Japan",100.0,131.7,86.2,20.1,21.5,0.5
"Matsuyama, Japan",100.0,16.0,91.0,19.5,22.0,0.1
"Matsuyama, Japan",100.0,13.3,92.7,19.2,18.2,0.0
"Matsuyama, Japan",100.0,10.7,94.4,18.9,14.5,0.0
"Matsuyama, Japan",100.0,8.0,96.1,18.6,10.8,0.0
"Matsuyama, Japan",100.0,5.3,97.2,17.3,11.0,0.0
"Matsuyama, Japan",100.0,2.7,98.2,16.0,11.3,0.0
"Matsuyama, Japan",100.0,0.0,99.3,14.8,11.5,0.0
"Matsuyama, Japan",100.0,0.0,99.2,14.6,10.7,0.0
"Matsuyama, Japan",100.0,0.0,99.2,14.4,9.8,0.0
"Matsuyama, Japan",100.0,0.0,99.1,14.2,9.0,0.0
"Matsuyama, Japan",100.0,0.0,98.2,13.5,9.2,0.0
"Matsuyama, Japan",100.0,0.0,97.3,12.8,9.5,0.0
"Matsuyama, Japan",100.0,0.0,96.4,12.1,9.7,0.0
"Matsuyama, Japan",100.0,6.0,95.9,12.2,9.7,0.0
"Matsuyama, Japan",100.0,12.0,95.5,12.4,9.7,0.0
"Matsuyama, Japan",100.0,18.0,95.0,12.6,9.7,0.1
"Matsuyama, Japan",100.0,66.0,91.0,13.0,9.5,0.2
"Matsuyama, Japan",100.0,114.0,87.1,13.5,9.2,0.4
"Matsuyama, Japan",100.0,162.0,83.1,14.0,9.0,0.6
"Matsuyama, Japan",85.2,209.0,77.2,14.9,8.6,0.8
"Matsuyama, Japan",70.3,256.0,71.4,15.8,8.3,0.9
"Matsuyama, Japan",55.5,303.0,65.5,16.7,7.9,1.1
"Matsuyama, Japan",37.1,352.0,68.0,16.6,7.2,1.3
"Matsuyama, Japan",18.6,401.0,70.6,16.5,6.5,1.4
"Matsuyama, Japan",0.2,450.0,73.1,16.4,5.8,1.6
"Matsuyama, Japan",0.1,377.3,76.7,15.0,6.5,1.4
"Matsuyama, Japan",0.1,304.7,80.3,13.6,7.2,1.1
"Matsuyama, Japan",0.0,232.0,83.9,12.2,7.9,0.8
"Matsuyama, Japan",0.0,154.7,85.3,11.7,8.3,0.6
"Matsuyama, Japan",0.0,77.3,86.6,11.3,8.6,0.3
"Matsuyama, Japan",0.0,0.0,88.0,10.9,9.0,0.0
"Matsuyama, Japan",0.0,0.0,88.5,10.5,8.5,0.0
"Matsuyama, Japan",0.0,0.0,89.1,10.2,8.0,0.0
"Matsuyama, Japan",0.0,0.0,89.6,9.9,7.6,0.0
"Matsuyama, Japan",0.1,3.0,88.7,9.9,7.6,0.0
"Matsuyama, Japan",0.1,6.0,87.7,9.9,7.6,0.0
"Matsuyama, Japan",0.2,9.0,86.8,9.9,7.6,0.0
"Matsuyama, Japan",9.1,78.7,76.0,12.3,6.8,0.3
"Matsuyama, Japan",17.9,148.3,65.2,14.7,6.1,0.5
"Matsuyama, Japan",26.8,218.0,54.4,17.2,5.4,0.8
"Matsuyama, Japan",17.9,451.7,53.8,17.9,7.7,1.6
"Matsuyama, Japan",8.9,685.3,53.3,18.6,10.0,2.5
"Matsuyama, Japan",0.0,919.0,52.7,19.4,12.2,3.3
"Matsuyama, Japan",6.6,920.0,53.9,19.2,11.3,3.3
"Matsuyama, Japan",13.1,921.0,55.0,18.9,10.3,3.3
"Matsuyama, Japan",19.7,922.0,56.2,18.8,9.4,3.3
"Matsuyama, Japan",46.5,720.3,60.3,17.9,7.4,2.6
"Matsuyama, Japan",73.2,518.7,64.5,17.1,5.5,1.9
"Matsuyama, Japan",100.0,317.0,68.6,16.3,3.6,1.1
"Matsuyama, Japan",69.7,265.0,70.9,15.8,3.7,1.0
"Matsuyama, Japan",39.4,213.0,73.1,15.4,3.8,0.8
"Matsuyama, Japan",9.1,161.0,75.4,15.0,4.0,0.6
"Matsuyama, Japan",6.1,107.3,76.1,14.0,5.2,0.4
"Matsuyama, Japan",3.0,53.7,76.9,13.1,6.4,0.2
"Matsuyama, Japan",0.0,0.0,77.6,12.2,7.6,0.0
"Matsuyama, Japan",0.3,0.0,77.9,12.0,7.3,0.0
"Matsuyama, Japan",0.5,0.0,78.3,11.9,7.1,0.0
"Matsuyama, Japan",0.8,0.0,78.6,11.8,6.8,0.0
"Matsuyama, Japan",0.5,3.0,79.5,12.1,7.2,0.0
"Matsuyama, Japan",0.3,6.0,80.5,12.4,7.6,0.0
"Matsuyama, Japan",0.0,9.0,81.4,12.7,7.9,0.0
"Matsuyama, Japan",14.0,74.7,74.2,14.8,7.2,0.3
"Matsuyama, Japan",27.9,140.3,66.9,16.9,6.5,0.5
"Matsuyama, Japan",41.9,206.0,59.7,19.1,5.8,0.7
"Matsuyama, Japan",36.5,414.0,61.0,19.1,6.7,1.5
"Matsuyama, Japan",31.0,622.0,62.2,19.2,7.7,2.2
"Matsuyama, Japan",25.6,830.0,63.5,19.3,8.6,3.0
"Matsuyama, Japan",28.0,818.3,65.0,18.9,7.3,2.9
"Matsuyama, Japan",30.5,806.7,66.5,18.4,6.0,2.9
"Matsuyama, Japan",32.9,795.0,68.0,18.1,4.7,2.9
"Matsuyama, Japan",42.5,648.3,71.8,17.8,3.6,2.3
"Matsuyama, Japan",52.1,501.7,75.7,17.5,2.5,1.8
"Matsuyama, Japan",61.7,355.0,79.5,17.2,1.4,1.3
"Matsuyama, Japan",44.1,297.7,81.8,16.0,3.8,1.1
"Matsuyama, Japan",26.4,240.3,84.2,14.9,6.2,0.9
"Matsuyama, Japan",8.8,183.0,86.5,13.8,8.6,0.7
"Matsuyama, Japan",9.9,122.0,86.2,13.4,8.5,0.4
"Matsuyama, Japan",11.0,61.0,85.9,13.1,8.4,0.2
"Matsuyama, Japan",12.1,0.0,85.6,12.8,8.3,0.0
"Matsuyama, Japan",17.8,0.0,85.4,12.6,7.6,0.0
"Matsuyama, Japan",23.5,0.0,85.2,12.5,6.8,0.0
"Matsuyama, Japan",29.2,0.0,85.0,12.4,6.1,0.0
"Matsuyama, Japan",41.0,5.8,86.0,12.6,6.2,0.0
"Matsuyama, Japan",52.8,11.7,87.0,12.9,6.4,0.0
"Matsuyama, Japan",64.6,17.5,88.0,13.2,6.5,0.1
"Matsuyama, Japan",76.4,23.3,89.0,13.4,6.6,0.1
"Matsuyama, Japan",88.2,29.2,90.0,13.7,6.7,0.1
"Matsuyama, Japan",100.0,35.0,91.0,14.0,6.8,0.1
"Matsuyama, Japan",79.4,237.0,85.2,15.3,7.7,0.9
"Matsuyama, Japan",58.8,439.0,79.3,16.7,8.5,1.6
"Matsuyama, Japan",38.2,641.0,73.5,18.1,9.4,2.3
"Matsuyama, Japan",34.7,674.3,74.9,17.8,8.9,2.4
"Matsuyama, Japan",31.1,707.7,76.4,17.5,8.4,2.5
"Matsuyama, Japan",27.6,741.0,77.8,17.3,7.9,2.7
"Matsuyama, Japan",21.7,631.3,79.6,16.6,6.1,2.3
"Matsuyama, Japan",15.7,521.7,81.5,16.0,4.3,1.9
"Matsuyama, Japan",9.8,412.0,83.3,15.4,2.5,1.5
"Matsuyama, Japan",8.9,345.7,86.1,14.5,2.6,1.2
"Matsuyama, Japan",7.9,279.3,88.8,13.7,2.8,1.0
"Matsuyama, Japan",7.0,213.0,91.6,12.9,2.9,0.8
"Matsuyama, Japan",5.6,142.0,92.2,12.6,3.6,0.5
"Matsuyama, Japan",4.3,71.0,92.7,12.3,4.3,0.3
"Matsuyama, Japan",2.9,0.0,93.3,12.1,5.0,0.0
"Matsuyama, Japan",2.8,0.0,93.3,11.8,6.1,0.0
"Matsuyama, Japan",2.6,0.0,93.4,11.6,7.2,0.0
"Matsuyama, Japan",2.5,0.0,93.4,11.4,8.3,0.0
"Matsuyama, Japan",1.7,3.0,93.1,11.4,7.8,0.0
"Matsuyama, Japan",0.8,6.0,92.8,11.5,7.3,0.0
"Matsuyama, Japan",0.0,9.0,92.5,11.6,6.8,0.0
"Matsuyama, Japan",33.2,77.0,83.5,13.3,7.7,0.3
"Matsuyama, Japan",66.4,145.0,74.6,15.0,8.5,0.5
"Matsuyama, Japan",99.6,213.0,65.6,16.7,9.4,0.8
"Matsuyama, Japan",99.7,418.3,60.1,17.4,11.3,1.5
"Matsuyama, Japan",99.9,623.7,54.7,18.1,13.2,2.2
"Matsuyama, Japan",100.0,829.0,49.2,18.8,15.1,3.0
"Matsuyama, Japan",100.0,823.7,48.6,18.9,14.6,3.0
"Matsuyama, Japan",100.0,818.3,48.0,18.9,14.2,2.9
"Matsuyama, Japan",100.0,813.0,47.4,19.1,13.7,2.9
"Matsuyama, Japan",,,,,,
"Matsuyama, Japan",,,,,,
"Matsuyama, Japan",,,,,,
"Matsuyama, Japan",,,,,,
"Matsuyama, Japan",,,,,,
"Matsuyama, Japan",,,,,,
"Matsuyama, Japan",,,,,,
"Matsuyama, Japan",,,,,,
"Tokushima-Shi, Japan",100.0,0.0,63.0,7.3,7.2,0.0
"Tokushima-Shi, Japan",100.0,0.0,64.6,7.1,6.5,0.0
"Tokushima-Shi, Japan",100.0,0.0,66.0,6.7,5.8,0.0
"Tokushima-Shi, Japan",99.4,0.0,67.1,6.3,5.8,0.0
"Tokushima-Shi, Japan",100.0,0.0,68.1,5.9,5.4,0.0
"Tokushima-Shi, Japan",76.5,0.0,67.5,6.0,5.0,0.0
"Tokushima-Shi, Japan",87.3,7.0,66.9,6.9,4.3,0.0
"Tokushima-Shi, Japan",33.0,49.0,57.5,9.8,0.7,0.2
"Tokushima-Shi, Japan",100.0,123.0,50.5,12.4,3.2,0.4
"Tokushima-Shi, Japan",13.5,200.0,48.7,13.8,6.5,0.7
"Tokushima-Shi, Japan",100.0,813.0,47.7,15.4,9.7,2.9
"Tokushima-Shi, Japan",96.8,812.0,48.9,16.2,12.2,2.9
"Tokushima-Shi, Japan",12.8,854.0,49.7,17.3,13.0,3.1
"Tokushima-Shi, Japan",100.0,884.0,51.0,18.5,14.4,3.2
"Tokushima-Shi, Japan",73.8,867.0,50.5,18.9,18.7,3.1
"Tokushima-Shi, Japan",58.2,833.0,50.7,18.9,16.9,3.0
"Tokushima-Shi, Japan",41.4,527.0,50.7,18.9,11.2,1.9
"Tokushima-Shi, Japan",97.3,441.0,54.9,18.1,9.4,1.6
"Tokushima-Shi, Japan",59.5,335.0,67.0,15.9,5.4,1.2
"Tokushima-Shi, Japan",14.6,256.0,75.0,13.5,7.2,0.9
"Tokushima-Shi, Japan",96.0,205.0,79.0,12.3,9.0,0.7
"Tokushima-Shi, Japan",5.0,171.0,79.8,11.5,10.1,0.6
"Tokushima-Shi, Japan",5.0,0.0,79.0,10.9,10.8,0.0
"Tokushima-Shi, Japan",87.0,0.0,78.0,10.8,10.1,0.0
"Tokushima-Shi, Japan",60.9,0.0,79.3,10.7,9.7,0.0
"Tokushima-Shi, Japan",100.0,0.0,81.0,11.0,8.6,0.0
"Tokushima-Shi, Japan",92.8,0.0,81.3,11.2,6.5,0.0
"Tokushima-Shi, Japan",87.8,0.0,82.3,11.2,6.5,0.0
"Tokushima-Shi, Japan",100.0,0.0,83.0,11.4,5.4,0.0
"Tokushima-Shi, Japan",100.0,0.0,83.6,11.8,6.5,0.0
"Tokushima-Shi, Japan",100.0,2.0,83.1,13.1,7.6,0.0
"Tokushima-Shi, Japan",100.0,8.0,88.0,13.7,9.7,0.0
"Tokushima-Shi, Japan",100.0,16.0,89.4,14.3,11.5,0.1
"Tokushima-Shi, Japan",100.0,24.0,88.6,14.9,10.1,0.1
"Tokushima-Shi, Japan",100.0,53.0,90.0,15.0,10.4,0.2
"Tokushima-Shi, Japan",100.0,85.0,89.3,15.6,13.0,0.3
"Tokushima-Shi, Japan",100.0,107.0,88.0,16.1,13.7,0.4
"Tokushima-Shi, Japan",100.0,100.0,91.3,15.8,13.0,0.4
"Tokushima-Shi, Japan",100.0,92.0,92.8,15.7,11.5,0.3
"Tokushima-Shi, Japan",100.0,81.0,96.0,15.2,8.6,0.3
"Tokushima-Shi, Japan",100.0,19.0,96.8,15.0,6.1,0.1
"Tokushima-Shi, Japan",100.0,20.0,96.6,14.8,5.8,0.1
"Tokushima-Shi, Japan",100.0,16.0,97.3,14.3,1.8,0.1
"Tokushima-Shi, Japan",100.0,12.0,98.0,13.8,1.4,0.0
"Tokushima-Shi, Japan",100.0,9.0,98.0,13.8,1.8,0.0
"Tokushima-Shi, Japan",100.0,8.0,98.0,14.0,1.4,0.0
"Tokushima-Shi, Japan",100.0,0.0,98.5,13.9,2.5,0.0
"Tokushima-Shi, Japan",100.0,0.0,99.3,13.9,4.0,0.0
"Tokushima-Shi, Japan",100.0,0.0,98.5,14.0,4.7,0.0
"Tokushima-Shi, Japan",100.0,0.0,98.0,14.1,6.5,0.0
"Tokushima-Shi, Japan",100.0,0.0,97.0,14.1,4.0,0.0
"Tokushima-Shi, Japan",100.0,0.0,96.1,14.0,2.5,0.0
"Tokushima-Shi, Japan",100.0,0.0,97.1,13.8,1.8,0.0
"Tokushima-Shi, Japan",100.0,0.0,97.3,13.7,1.1,0.0
"Tokushima-Shi, Japan",100.0,0.0,96.4,13.9,4.7,0.0
"Tokushima-Shi, Japan",100.0,2.0,95.6,13.8,4.3,0.0
"Tokushima-Shi, Japan",100.0,6.0,96.0,13.9,2.5,0.0
"Tokushima-Shi, Japan",100.0,12.0,95.0,14.3,3.2,0.0
"Tokushima-Shi, Japan",100.0,58.0,93.6,14.5,3.2,0.2
"Tokushima-Shi, Japan",100.0,52.0,95.4,14.1,4.0,0.2
"Tokushima-Shi, Japan",100.0,65.0,94.8,14.2,5.8,0.2
"Tokushima-Shi, Japan",100.0,59.0,97.4,13.5,6.8,0.2
"Tokushima-Shi, Japan",100.0,50.0,97.5,13.0,9.4,0.2
"Tokushima-Shi, Japan",100.0,44.0,98.0,12.5,11.5,0.2
"Tokushima-Shi, Japan",100.0,16.0,96.8,12.5,11.2,0.1
"Tokushima-Shi, Japan",100.0,14.0,96.3,12.5,11.5,0.1
"Tokushima-Shi, Japan",100.0,11.0,97.6,12.2,4.3,0.0
"Tokushima-Shi, Japan",100.0,9.0,96.8,12.2,9.4,0.0
"Tokushima-Shi, Japan",100.0,7.0,95.4,12.3,11.2,0.0
"Tokushima-Shi, Japan",100.0,6.0,95.3,12.1,11.5,0.0
"Tokushima-Shi, Japan",100.0,0.0,95.1,11.9,7.6,0.0
"Tokushima-Shi, Japan",100.0,0.0,94.6,11.3,5.8,0.0
"Tokushima-Shi, Japan",100.0,0.0,93.8,11.0,5.4,0.0
"Tokushima-Shi, Japan",0.3,0.0,92.3,10.8,5.4,0.0
"Tokushima-Shi, Japan",0.0,0.0,91.4,10.4,5.0,0.0
"Tokushima-Shi, Japan",0.0,0.0,90.9,10.1,4.3,0.0
"Tokushima-Shi, Japan",0.0,0.0,90.9,9.8,3.6,0.0
"Tokushima-Shi, Japan",0.0,0.0,91.0,9.5,3.6,0.0
"Tokushima-Shi, Japan",0.0,8.0,90.1,10.2,4.7,0.0
"Tokushima-Shi, Japan",4.1,55.0,86.0,12.4,5.0,0.2
"Tokushima-Shi, Japan",3.5,126.0,82.5,14.0,7.6,0.5
"Tokushima-Shi, Japan",4.0,209.0,74.0,15.9,10.1,0.8
"Tokushima-Shi, Japan",2.0,789.0,57.7,18.9,9.4,2.8
"Tokushima-Shi, Japan",10.1,850.0,48.2,21.0,7.9,3.1
"Tokushima-Shi, Japan",16.2,892.0,45.7,22.4,3.2,3.2
"Tokushima-Shi, Japan",65.3,911.0,49.7,21.6,5.8,3.3
"Tokushima-Shi, Japan",93.9,840.0,61.2,19.6,12.2,3.0
"Tokushima-Shi, Japan",94.0,752.0,68.3,18.6,9.7,2.7
"Tokushima-Shi, Japan",99.5,193.0,75.5,17.3,7.6,0.7
"Tokushima-Shi, Japan",33.2,134.0,78.8,16.5,2.2,0.5
"Tokushima-Shi, Japan",1.3,143.0,80.5,16.1,2.5,0.5
"Tokushima-Shi, Japan",10.3,113.0,82.6,13.8,1.8,0.4
"Tokushima-Shi, Japan",0.0,90.0,80.8,12.7,5.0,0.3
"Tokushima-Shi, Japan",2.0,75.0,82.6,11.5,10.1,0.3
"Tokushima-Shi, Japan",6.1,0.0,79.5,10.7,13.0,0.0
"Tokushima-Shi, Japan",0.0,0.0,78.0,9.9,12.2,0.0
"Tokushima-Shi, Japan",0.0,0.0,78.1,9.2,11.5,0.0
"Tokushima-Shi, Japan",0.0,0.0,76.0,8.7,12.6,0.0
"Tokushima-Shi, Japan",0.0,0.0,75.1,8.0,13.3,0.0
"Tokushima-Shi, Japan",0.0,0.0,74.5,7.5,14.0,0.0
"Tokushima-Shi, Japan",0.0,0.0,72.5,7.0,13.3,0.0
"Tokushima-Shi, Japan",0.0,0.0,68.5,7.0,12.6,0.0
"Tokushima-Shi, Japan",7.3,9.0,66.8,8.0,10.8,0.0
"Tokushima-Shi, Japan",4.5,60.0,59.7,11.6,6.5,0.2
"Tokushima-Shi, Japan",2.5,136.0,45.2,14.4,2.5,0.5
"Tokushima-Shi, Japan",50.2,220.0,39.0,15.7,2.5,0.8
"Tokushima-Shi, Japan",20.3,795.0,39.9,16.7,6.5,2.9
"Tokushima-Shi, Japan",12.6,865.0,40.2,17.5,7.6,3.1
"Tokushima-Shi, Japan",50.9,908.0,40.5,17.9,10.4,3.3
"Tokushima-Shi, Japan",100.0,908.0,46.7,17.4,7.9,3.3
"Tokushima-Shi, Japan",100.0,775.0,70.5,13.5,7.9,2.8
"Tokushima-Shi, Japan",100.0,667.0,79.8,12.5,3.2,2.4
"Tokushima-Shi, Japan",67.5,523.7,77.3,12.8,3.1,1.9
"Tokushima-Shi, Japan",35.0,380.3,74.8,13.1,3.0,1.4
"Tokushima-Shi, Japan",2.5,237.0,72.3,13.4,2.9,0.9
"Tokushima-Shi, Japan",3.0,198.7,74.2,12.0,5.0,0.7
"Tokushima-Shi, Japan",3.4,160.3,76.1,10.6,7.2,0.6
"Tokushima-Shi, Japan",3.9,122.0,78.0,9.3,9.4,0.4
"Tokushima-Shi, Japan",2.6,81.3,77.7,9.0,9.8,0.3
"Tokushima-Shi, Japan",1.3,40.7,77.4,8.7,10.3,0.1
"Tokushima-Shi, Japan",0.0,0.0,77.1,8.5,10.8,0.0
"Tokushima-Shi, Japan",21.2,0.0,75.9,8.4,10.6,0.0
"Tokushima-Shi, Japan",42.5,0.0,74.6,8.3,10.3,0.0
"Tokushima-Shi, Japan",63.7,0.0,73.4,8.2,10.1,0.0
"Tokushima-Shi, Japan",42.6,3.0,72.9,8.4,10.1,0.0
"Tokushima-Shi, Japan",21.4,6.0,72.4,8.7,10.1,0.0
"Tokushima-Shi, Japan",0.3,9.0,71.9,9.0,10.1,0.0
"Tokushima-Shi, Japan",1.7,78.0,66.8,10.7,14.6,0.3
"Tokushima-Shi, Japan",3.2,147.0,61.6,12.5,19.2,0.5
"Tokushima-Shi, Japan",4.6,216.0,56.5,14.3,23.8,0.8
"Tokushima-Shi, Japan",20.1,445.3,54.7,14.8,25.0,1.6
"Tokushima-Shi, Japan",35.5,674.7,53.0,15.4,26.2,2.4
"Tokushima-Shi, Japan",51.0,904.0,51.2,16.0,27.4,3.3
"Tokushima-Shi, Japan",45.9,859.0,52.5,15.8,24.7,3.1
"Tokushima-Shi, Japan",40.8,814.0,53.7,15.6,22.1,2.9
"Tokushima-Shi, Japan",35.7,769.0,55.0,15.5,19.4,2.8
"Tokushima-Shi, Japan",31.2,618.0,58.3,15.0,18.1,2.2
"Tokushima-Shi, Japan",26.6,467.0,61.7,14.5,16.8,1.7
"Tokushima-Shi, Japan",22.1,316.0,65.0,14.0,15.5,1.1
"Tokushima-Shi, Japan",14.7,264.7,69.9,12.7,13.6,1.0
"Tokushima-Shi, Japan",7.4,213.3,74.7,11.4,11.6,0.8
"Tokushima-Shi, Japan",0.0,162.0,79.6,10.1,9.7,0.6
"Tokushima-Shi, Japan",0.0,108.0,80.6,9.6,8.6,0.4
"Tokushima-Shi, Japan",0.0,54.0,81.5,9.1,7.6,0.2
"Tokushima-Shi, Japan",0.0,0.0,82.5,8.6,6.5,0.0
"Tokushima-Shi, Japan",0.0,0.0,83.0,8.3,7.1,0.0
"Tokushima-Shi, Japan",0.0,0.0,83.6,8.0,7.7,0.0
"Tokushima-Shi, Japan",0.0,0.0,84.1,7.8,8.3,0.0
"Tokushima-Shi, Japan",0.2,3.3,82.0,7.9,8.0,0.0
"Tokushima-Shi, Japan",0.3,6.7,80.0,8.1,7.8,0.0
"Tokushima-Shi, Japan",0.3,10.0,77.9,8.3,7.6,0.0
"Tokushima-Shi, Japan",1.9,81.0,69.2,10.8,6.7,0.3
"Tokushima-Shi, Japan",3.4,152.0,60.6,13.3,5.9,0.5
"Tokushima-Shi, Japan",5.0,223.0,51.9,15.8,5.0,0.8
"Tokushima-Shi, Japan",3.3,457.3,49.7,16.7,7.3,1.6
"Tokushima-Shi, Japan",1.7,691.7,47.4,17.7,9.6,2.5
"Tokushima-Shi, Japan",0.0,926.0,45.2,18.7,11.9,3.3
"Tokushima-Shi, Japan",5.4,923.0,48.3,18.8,11.5,3.3
"Tokushima-Shi, Japan",10.8,920.0,51.4,19.0,11.2,3.3
"Tokushima-Shi, Japan",16.2,917.0,54.5,19.2,10.8,3.3
"Tokushima-Shi, Japan",10.8,748.7,60.7,18.3,8.6,2.7
"Tokushima-Shi, Japan",5.4,580.3,66.9,17.4,6.5,2.1
"Tokushima-Shi, Japan",0.0,412.0,73.1,16.5,4.3,1.5
"Tokushima-Shi, Japan",1.5,344.7,75.9,15.4,5.8,1.2
"Tokushima-Shi, Japan",2.9,277.3,78.7,14.3,7.2,1.0
"Tokushima-Shi, Japan",4.4,210.0,81.5,13.2,8.6,0.8
"Tokushima-Shi, Japan",4.9,140.0,80.5,12.9,7.9,0.5
"Tokushima-Shi, Japan",5.5,70.0,79.4,12.7,7.2,0.3
"Tokushima-Shi, Japan",6.0,0.0,78.4,12.5,6.5,0.0
"Tokushima-Shi, Japan",5.7,0.0,78.8,12.2,6.2,0.0
"Tokushima-Shi, Japan",5.3,0.0,79.1,12.0,6.0,0.0
"Tokushima-Shi, Japan",5.0,0.0,79.5,11.8,5.8,0.0
"Tokushima-Shi, Japan",10.6,3.0,78.4,11.8,5.9,0.0
"Tokushima-Shi, Japan",16.1,6.0,77.2,11.9,6.0,0.0
"Tokushima-Shi, Japan",21.7,9.0,76.1,12.0,6.1,0.0
"Tokushima-Shi, Japan",47.8,78.7,68.2,14.4,8.0,0.3
"Tokushima-Shi, Japan",73.9,148.3,60.3,16.9,10.0,0.5
"Tokushima-Shi, Japan",100.0,218.0,52.4,19.4,11.9,0.8
"Tokushima-Shi, Japan",100.0,406.0,51.8,20.4,15.4,1.5
"Tokushima-Shi, Japan",100.0,594.0,51.3,21.4,18.8,2.1
"Tokushima-Shi, Japan",100.0,782.0,50.7,22.4,22.3,2.8
"Tokushima-Shi, Japan",100.0,794.3,50.7,22.3,23.5,2.9
"Tokushima-Shi, Japan",100.0,806.7,50.7,22.2,24.7,2.9
"Tokushima-Shi, Japan",100.0,819.0,50.7,22.1,25.9,2.9
"Tokushima-Shi, Japan",97.4,662.3,58.0,20.6,23.9,2.4
"Tokushima-Shi, Japan",94.7,505.7,65.3,19.1,21.8,1.8
"Tokushima-Shi, Japan",92.1,349.0,72.6,17.6,19.8,1.3
"Tokushima-Shi, Japan",92.9,292.3,75.9,16.7,18.4,1.1
"Tokushima-Shi, Japan",93.8,235.7,79.2,15.9,16.9,0.8
"Tokushima-Shi, Japan",94.6,179.0,82.5,15.1,15.5,0.6
"Tokushima-Shi, Japan",96.4,119.3,81.7,15.4,16.1,0.4
"Tokushima-Shi, Japan",98.2,59.7,80.8,15.7,16.7,0.2
"Tokushima-Shi, Japan",100.0,0.0,80.0,16.0,17.3,0.0
"Tokushima-Shi, Japan",100.0,0.0,81.7,15.8,15.7,0.0
"Tokushima-Shi, Japan",100.0,0.0,83.3,15.6,14.2,0.0
"Tokushima-Shi, Japan",100.0,0.0,85.0,15.5,12.6,0.0
"Tokushima-Shi, Japan",100.0,0.3,86.0,15.4,10.4,0.0
"Tokushima-Shi, Japan",100.0,0.7,87.1,15.4,8.3,0.0
"Tokushima-Shi, Japan",100.0,1.0,88.1,15.4,6.1,0.0
"Tokushima-Shi, Japan",100.0,5.3,90.2,15.6,8.6,0.0
"Tokushima-Shi, Japan",100.0,9.7,92.3,15.8,11.2,0.0
"Tokushima-Shi, Japan",100.0,14.0,94.4,16.0,13.7,0.1
"Tokushima-Shi, Japan",100.0,106.0,89.8,17.2,13.9,0.4
"Tokushima-Shi, Japan",100.0,198.0,85.1,18.4,14.2,0.7
"Tokushima-Shi, Japan",100.0,290.0,80.5,19.6,14.4,1.0
"Tokushima-Shi, Japan",100.0,297.3,77.9,19.9,13.8,1.1
"Tokushima-Shi, Japan",100.0,304.7,75.2,20.2,13.2,1.1
"Tokushima-Shi, Japan",100.0,312.0,72.6,20.6,12.6,1.1
"Tokushima-Shi, Japan",100.0,231.0,79.7,19.5,12.1,0.8
"Tokushima-Shi, Japan",100.0,150.0,86.8,18.4,11.6,0.5
"Tokushima-Shi, Japan",100.0,69.0,93.9,17.4,11.2,0.2
"Tokushima-Shi, Japan",100.0,57.7,93.7,17.1,9.8,0.2
"Tokushima-Shi, Japan",100.0,46.3,93.5,16.9,8.5,0.2
"Tokushima-Shi, Japan",100.0,35.0,93.3,16.7,7.2,0.1
"Tokushima-Shi, Japan",100.0,23.3,93.4,16.5,7.3,0.1
"Tokushima-Shi, Japan",100.0,11.7,93.4,16.4,7.4,0.0
"Tokushima-Shi, Japan",100.0,0.0,93.5,16.3,7.6,0.0
"Tokushima-Shi, Japan",100.0,0.0,93.0,16.2,7.2,0.0
"Tokushima-Shi, Japan",100.0,0.0,92.5,16.1,6.8,0.0
"Tokushima-Shi, Japan",100.0,0.0,92.0,16.1,6.5,0.0
"Tokushima-Shi, Japan",97.5,1.0,91.5,16.3,5.9,0.0
"Tokushima-Shi, Japan",95.0,2.0,91.1,16.6,5.3,0.0
"Tokushima-Shi, Japan",92.5,3.0,90.6,16.9,4.7,0.0
"Tokushima-Shi, Japan",81.2,21.7,88.7,17.7,3.6,0.1
"Tokushima-Shi, Japan",69.8,40.3,86.9,18.4,2.5,0.1
"Tokushima-Shi, Japan",58.5,59.0,85.0,19.3,1.4,0.2
"Tokushima-Shi, Japan",71.7,159.7,84.5,19.6,2.5,0.6
"Tokushima-Shi, Japan",84.8,260.3,83.9,19.9,3.6,0.9
"Tokushima-Shi, Japan",98.0,361.0,83.4,20.2,4.7,1.3
"Tokushima-Shi, Japan",98.7,327.0,85.8,19.6,5.3,1.2
"Tokushima-Shi, Japan",99.3,293.0,88.1,19.0,5.9,1.1
"Tokushima-Shi, Japan",100.0,259.0,90.5,18.5,6.5,0.9
"Tokushima-Shi, Japan",100.0,180.7,92.3,18.1,4.8,0.7
"Tokushima-Shi, Japan",100.0,102.3,94.0,17.7,3.1,0.4
"Tokushima-Shi, Japan",100.0,24.0,95.8,17.4,1.4,0.1
"Tokushima-Shi, Japan",100.0,20.0,96.3,17.3,1.7,0.1
"Tokushima-Shi, Japan",100.0,16.0,96.9,17.3,1.9,0.1
"Tokushima-Shi, Japan",100.0,12.0,97.4,17.3,2.2,0.0
"Tokushima-Shi, Japan",88.8,8.0,97.6,17.4,3.2,0.0
"Tokushima-Shi, Japan",77.6,4.0,97.8,17.4,4.3,0.0
"Tokushima-Shi, Japan",66.4,0.0,98.0,17.6,5.4,0.0
"Tokushima-Shi, Japan",76.1,0.0,97.3,17.2,6.4,0.0
"Tokushima-Shi, Japan",85.7,0.0,96.5,16.8,7.3,0.0
"Tokushima-Shi, Japan",95.4,0.0,95.8,16.5,8.3,0.0
"Tokushima-Shi, Japan",95.6,2.0,95.3,16.4,8.5,0.0
"Tokushima-Shi, Japan",95.9,4.0,94.8,16.3,8.8,0.0
"Tokushima-Shi, Japan",96.1,6.0,94.3,16.3,9.0,0.0
"Tokushima-Shi, Japan",94.9,23.0,90.9,17.3,9.5,0.1
"Tokushima-Shi, Japan",93.6,40.0,87.5,18.3,10.0,0.1
"Tokushima-Shi, Japan",92.4,57.0,84.1,19.4,10.4,0.2
"Tokushima-Shi, Japan",82.7,242.7,74.0,21.1,15.8,0.9
"Tokushima-Shi, Japan",73.1,428.3,64.0,22.9,21.2,1.5
"Tokushima-Shi, Japan",63.4,614.0,53.9,24.7,26.6,2.2
"Tokushima-Shi, Japan",75.6,642.0,55.4,24.4,24.1,2.3
"Tokushima-Shi, Japan",87.8,670.0,56.9,24.2,21.6,2.4
"Tokushima-Shi, Japan",100.0,698.0,58.4,24.0,19.1,2.5
"Tokushima-Shi, Japan",100.0,487.3,68.7,22.6,17.3,1.8
"Tokushima-Shi, Japan",100.0,276.7,79.0,21.3,15.5,1.0
"Tokushima-Shi, Japan",100.0,66.0,89.3,20.0,13.7,0.2
"Tokushima-Shi, Japan",100.0,55.3,89.7,20.0,15.2,0.2
"Tokushima-Shi, Japan",100.0,44.7,90.1,20.0,16.8,0.2
"Tokushima-Shi, Japan",100.0,34.0,90.5,20.1,18.4,0.1
"Tokushima-Shi, Japan",100.0,22.7,93.0,19.7,13.4,0.1
"Tokushima-Shi, Japan",100.0,11.3,95.6,19.3,8.5,0.0
"Tokushima-Shi, Japan",100.0,0.0,98.1,18.9,3.6,0.0
"Tokushima-Shi, Japan",100.0,0.0,97.7,17.6,6.7,0.0
"Tokushima-Shi, Japan",100.0,0.0,97.4,16.3,9.8,0.0
"Tokushima-Shi, Japan",100.0,0.0,97.0,15.1,13.0,0.0
"Tokushima-Shi, Japan",100.0,0.0,97.0,14.4,13.4,0.0
"Tokushima-Shi, Japan",100.0,0.0,96.9,13.7,13.9,0.0
"Tokushima-Shi, Japan",100.0,0.0,96.9,13.0,14.4,0.0
"Tokushima-Shi, Japan",100.0,2.0,96.9,12.8,13.8,0.0
"Tokushima-Shi, Japan",100.0,4.0,96.8,12.7,13.2,0.0
"Tokushima-Shi, Japan",100.0,6.0,96.8,12.6,12.6,0.0
"Tokushima-Shi, Japan",100.0,15.7,96.4,12.5,11.9,0.1
"Tokushima-Shi, Japan",100.0,25.3,95.9,12.5,11.2,0.1
"Tokushima-Shi, Japan",100.0,35.0,95.5,12.5,10.4,0.1
"Tokushima-Shi, Japan",100.0,43.7,93.5,12.7,11.0,0.2
"Tokushima-Shi, Japan",100.0,52.3,91.5,12.9,11.6,0.2
"Tokushima-Shi, Japan",100.0,61.0,89.5,13.1,12.2,0.2
"Tokushima-Shi, Japan",71.4,82.0,87.5,13.5,11.5,0.3
"Tokushima-Shi, Japan",42.9,103.0,85.4,13.9,10.8,0.4
"Tokushima-Shi, Japan",14.3,124.0,83.4,14.4,10.1,0.4
"Tokushima-Shi, Japan",35.2,105.0,83.6,13.8,10.9,0.4
"Tokushima-Shi, Japan",56.0,86.0,83.7,13.2,11.8,0.3
"Tokushima-Shi, Japan",76.9,67.0,83.9,12.7,12.6,0.2
"Tokushima-Shi, Japan",57.3,44.7,83.5,12.2,11.8,0.2
"Tokushima-Shi, Japan",37.8,22.3,83.0,11.7,10.9,0.1
"Tokushima-Shi, Japan",18.2,0.0,82.6,11.3,10.1,0.0
"Tokushima-Shi, Japan",13.1,0.0,83.4,10.7,9.2,0.0
"Tokushima-Shi, Japan",8.1,0.0,84.2,10.1,8.4,0.0
"Tokushima-Shi, Japan",3.0,0.0,85.0,9.6,7.6,0.0
"Tokushima-Shi, Japan",2.0,4.3,85.2,9.7,7.6,0.0
"Tokushima-Shi, Japan",1.0,8.7,85.3,9.8,7.6,0.0
"Tokushima-Shi, Japan",0.0,13.0,85.5,10.0,7.6,0.0
"Tokushima-Shi, Japan",1.1,86.0,76.0,11.8,8.4,0.3
"Tokushima-Shi, Japan",2.1,159.0,66.5,13.6,9.2,0.6
"Tokushima-Shi, Japan",3.2,232.0,57.0,15.4,10.1,0.8
"Tokushima-Shi, Japan",3.5,467.3,54.9,16.3,10.0,1.7
"Tokushima-Shi, Japan",3.7,702.7,52.8,17.2,9.8,2.5
"Tokushima-Shi, Japan",4.0,938.0,50.7,18.1,9.7,3.4
"Tokushima-Shi, Japan",2.7,936.3,50.4,18.4,9.4,3.4
"Tokushima-Shi, Japan",1.3,934.7,50.0,18.7,9.0,3.4
"Tokushima-Shi, Japan",0.0,933.0,49.7,19.1,8.6,3.4
"Tokushima-Shi, Japan",0.0,766.7,55.5,18.2,7.2,2.8
"Tokushima-Shi, Japan",0.0,600.3,61.2,17.3,5.8,2.2
"Tokushima-Shi, Japan",0.0,434.0,67.0,16.4,4.3,1.6
"Tokushima-Shi, Japan",0.0,363.3,71.5,15.1,5.9,1.3
"Tokushima-Shi, Japan",0.0,292.7,76.1,13.9,7.4,1.1
"Tokushima-Shi, Japan",0.0,222.0,80.6,12.7,9.0,0.8
"Tokushima-Shi, Japan",0.0,148.0,83.4,12.6,9.1,0.5
"Tokushima-Shi, Japan",0.0,74.0,86.3,12.5,9.2,0.3
"Tokushima-Shi, Japan",0.0,0.0,89.1,12.4,9.4,0.0
"Tokushima-Shi, Japan",0.0,0.0,90.2,12.3,8.8,0.0
"Tokushima-Shi, Japan",0.0,0.0,91.4,12.2,8.2,0.0
"Tokushima-Shi, Japan",0.0,0.0,92.5,12.2,7.6,0.0
"Tokushima-Shi, Japan",0.0,4.3,90.9,12.5,6.2,0.0
"Tokushima-Shi, Japan",0.0,8.7,89.2,12.8,4.9,0.0
"Tokushima-Shi, Japan",0.0,13.0,87.6,13.1,3.6,0.0
"Tokushima-Shi, Japan",2.8,83.0,81.2,14.7,5.8,0.3
"Tokushima-Shi, Japan",5.5,153.0,74.9,16.4,7.9,0.6
"Tokushima-Shi, Japan",8.3,223.0,68.5,18.1,10.1,0.8
"Tokushima-Shi, Japan",7.1,435.0,63.3,18.9,11.0,1.6
"Tokushima-Shi, Japan",6.0,647.0,58.2,19.8,12.0,2.3
"Tokushima-Shi, Japan",4.8,859.0,53.0,20.7,13.0,3.1
"Tokushima-Shi, Japan",23.3,839.3,59.9,19.6,15.5,3.0
"Tokushima-Shi, Japan",41.7,819.7,66.9,18.5,18.0,3.0
"Tokushima-Shi, Japan",60.2,800.0,73.8,17.5,20.5,2.9
"Tokushima-Shi, Japan",41.3,652.0,75.4,17.0,18.6,2.3
"Tokushima-Shi, Japan",22.4,504.0,76.9,16.6,16.7,1.8
"Tokushima-Shi, Japan",3.5,356.0,78.5,16.2,14.8,1.3
"Tokushima-Shi, Japan",2.3,298.3,82.2,15.2,13.7,1.1
"Tokushima-Shi, Japan",1.2,240.7,85.9,14.2,12.6,0.9
"Tokushima-Shi, Japan",0.0,183.0,89.6,13.3,11.5,0.7
"Tokushima-Shi, Japan",0.0,122.0,88.1,13.1,11.0,0.4
"Tokushima-Shi, Japan",0.0,61.0,86.5,12.9,10.6,0.2
"Tokushima-Shi, Japan",0.0,0.0,85.0,12.7,10.1,0.0
"Tokushima-Shi, Japan",0.0,0.0,83.1,12.5,9.5,0.0
"Tokushima-Shi, Japan",0.0,0.0,81.3,12.3,8.9,0.0
"Tokushima-Shi, Japan",0.0,0.0,79.4,12.1,8.3,0.0
"Tokushima-Shi, Japan",16.7,28.5,76.4,13.0,7.9,0.1
"Tokushima-Shi, Japan",33.3,57.0,73.3,14.0,7.4,0.2
"Tokushima-Shi, Japan",50.0,85.5,70.3,15.0,7.0,0.3
"Tokushima-Shi, Japan",66.7,114.0,67.3,16.0,6.6,0.4
"Tokushima-Shi, Japan",83.3,142.5,64.2,17.0,6.2,0.5
"Tokushima-Shi, Japan",100.0,171.0,61.2,18.0,5.8,0.6
"Tokushima-Shi, Japan",100.0,171.0,70.4,16.8,5.2,0.6
"Tokushima-Shi, Japan",100.0,171.0,79.7,15.7,4.6,0.6
"Tokushima-Shi, Japan",100.0,171.0,88.9,14.6,4.0,0.6
"Tokushima-Shi, Japan",100.0,224.3,81.9,15.8,5.0,0.8
"Tokushima-Shi, Japan",100.0,277.7,75.0,17.0,6.1,1.0
"Tokushima-Shi, Japan",100.0,331.0,68.0,18.3,7.2,1.2
"Tokushima-Shi, Japan",77.8,321.0,74.0,17.2,6.4,1.2
"Tokushima-Shi, Japan",55.6,311.0,80.0,16.1,5.5,1.1
"Tokushima-Shi, Japan",33.4,301.0,86.0,15.1,4.7,1.1
"Tokushima-Shi, Japan",35.0,252.3,88.7,14.3,5.4,0.9
"Tokushima-Shi, Japan",36.6,203.7,91.3,13.5,6.1,0.7
"Tokushima-Shi, Japan",38.2,155.0,94.0,12.7,6.8,0.6
"Tokushima-Shi, Japan",50.8,103.3,92.9,13.0,7.6,0.4
"Tokushima-Shi, Japan",63.5,51.7,91.9,13.3,8.3,0.2
"Tokushima-Shi, Japan",76.1,0.0,90.8,13.6,9.0,0.0
"Tokushima-Shi, Japan",64.4,0.0,90.6,13.4,9.2,0.0
"Tokushima-Shi, Japan",52.7,0.0,90.5,13.4,9.5,0.0
"Tokushima-Shi, Japan",41.0,0.0,90.3,13.3,9.7,0.0
"Tokushima-Shi, Japan",29.0,4.3,90.7,12.9,8.8,0.0
"Tokushima-Shi, Japan",17.0,8.7,91.1,12.5,7.8,0.0
"Tokushima-Shi, Japan",5.0,13.0,91.5,12.2,6.8,0.0
"Tokushima-Shi, Japan",24.3,74.7,85.5,13.2,9.6,0.3
"Tokushima-Shi, Japan",43.6,136.3,79.4,14.2,12.4,0.5
"Tokushima-Shi, Japan",62.9,198.0,73.4,15.3,15.1,0.7
"Tokushima-Shi, Japan",41.9,421.7,65.2,16.3,18.1,1.5
"Tokushima-Shi, Japan",21.0,645.3,56.9,17.4,21.1,2.3
"Tokushima-Shi, Japan",0.0,869.0,48.7,18.5,24.1,3.1
"Tokushima-Shi, Japan",24.8,877.7,46.4,18.8,23.6,3.2
"Tokushima-Shi, Japan",49.6,886.3,44.2,19.2,23.2,3.2
"Tokushima-Shi, Japan",74.4,895.0,41.9,19.6,22.7,3.2
"Tokushima-Shi, Japan",,,,,,
"Tokushima-Shi, Japan",,,,,,
"Tokushima-Shi, Japan",,,,,,
"Tokushima-Shi, Japan",,,,,,
"Tokushima-Shi, Japan",,,,,,
"Tokushima-Shi, Japan",,,,,,
"Tokushima-Shi, Japan",,,,,,
"Tokushima-Shi, Japan",,,,,,
"Tosa-Shi, Japan",100.0,0.0,65.1,11.8,6.8,0.0
"Tosa-Shi, Japan",100.0,0.0,66.3,11.7,5.8,0.0
"Tosa-Shi, Japan",100.0,0.0,68.4,11.4,4.7,0.0
"Tosa-Shi, Japan",100.0,0.0,71.0,11.0,4.7,0.0
"Tosa-Shi, Japan",98.0,0.0,73.0,10.7,4.3,0.0
"Tosa-Shi, Japan",89.8,0.0,74.4,10.6,5.0,0.0
"Tosa-Shi, Japan",5.0,4.0,73.8,11.0,5.8,0.0
"Tosa-Shi, Japan",20.3,47.0,66.1,12.9,3.6,0.2
"Tosa-Shi, Japan",11.0,116.0,57.9,14.8,0.7,0.4
"Tosa-Shi, Japan",53.7,198.0,56.2,15.7,5.8,0.7
"Tosa-Shi, Japan",100.0,767.0,58.5,16.1,9.7,2.8
"Tosa-Shi, Japan",100.0,757.0,60.0,16.3,11.9,2.7
"Tosa-Shi, Japan",100.0,696.0,59.5,16.7,12.2,2.5
"Tosa-Shi, Japan",100.0,690.0,56.5,17.4,11.9,2.5
"Tosa-Shi, Japan",100.0,668.0,55.2,17.6,12.2,2.4
"Tosa-Shi, Japan",100.0,650.0,54.0,18.0,13.0,2.3
"Tosa-Shi, Japan",79.4,347.0,55.0,17.5,11.5,1.2
"Tosa-Shi, Japan",100.0,346.0,55.2,17.4,10.1,1.2
"Tosa-Shi, Japan",100.0,272.0,59.2,16.6,7.6,1.0
"Tosa-Shi, Japan",80.9,210.0,62.9,15.5,6.1,0.8
"Tosa-Shi, Japan",96.8,168.0,64.8,14.9,0.7,0.6
"Tosa-Shi, Japan",90.0,140.0,67.3,14.5,5.4,0.5
"Tosa-Shi, Japan",93.9,0.0,66.3,14.8,5.4,0.0
"Tosa-Shi, Japan",100.0,0.0,65.6,14.9,5.0,0.0
"Tosa-Shi, Japan",100.0,0.0,65.1,15.0,5.0,0.0
"Tosa-Shi, Japan",99.6,0.0,67.1,15.0,5.8,0.0
"Tosa-Shi, Japan",100.0,0.0,69.6,14.9,5.0,0.0
"Tosa-Shi, Japan",100.0,0.0,73.0,14.7,3.6,0.0
"Tosa-Shi, Japan",100.0,0.0,75.9,14.6,2.5,0.0
"Tosa-Shi, Japan",100.0,0.0,81.5,14.2,2.9,0.0
"Tosa-Shi, Japan",100.0,0.0,85.0,14.1,3.6,0.0
"Tosa-Shi, Japan",100.0,4.0,86.0,14.4,3.6,0.0
"Tosa-Shi, Japan",100.0,8.0,87.9,14.5,2.9,0.0
"Tosa-Shi, Japan",100.0,10.0,91.3,14.5,5.0,0.0
"Tosa-Shi, Japan",100.0,39.0,95.0,14.5,5.0,0.1
"Tosa-Shi, Japan",100.0,29.0,97.0,14.6,3.2,0.1
"Tosa-Shi, Japan",100.0,26.0,97.5,14.9,4.0,0.1
"Tosa-Shi, Japan",100.0,35.0,95.5,15.3,5.0,0.1
"Tosa-Shi, Japan",100.0,44.0,94.8,15.4,2.9,0.2
"Tosa-Shi, Japan",100.0,49.0,94.8,15.5,2.2,0.2
"Tosa-Shi, Japan",100.0,37.0,95.1,15.4,1.8,0.1
"Tosa-Shi, Japan",100.0,28.0,95.0,15.3,4.3,0.1
"Tosa-Shi, Japan",100.0,22.0,95.5,15.3,2.9,0.1
"Tosa-Shi, Japan",100.0,16.0,96.3,15.2,4.3,0.1
"Tosa-Shi, Japan",100.0,13.0,96.0,15.4,2.2,0.0
"Tosa-Shi, Japan",100.0,11.0,96.0,15.5,5.8,0.0
"Tosa-Shi, Japan",100.0,0.0,96.8,15.2,6.8,0.0
"Tosa-Shi, Japan",100.0,0.0,96.3,15.1,2.5,0.0
"Tosa-Shi, Japan",100.0,0.0,95.4,15.2,3.6,0.0
"Tosa-Shi, Japan",100.0,0.0,95.5,15.2,6.1,0.0
"Tosa-Shi, Japan",100.0,0.0,96.0,15.4,4.7,0.0
"Tosa-Shi, Japan",100.0,0.0,95.3,15.5,2.5,0.0
"Tosa-Shi, Japan",100.0,0.0,95.5,15.5,1.8,0.0
"Tosa-Shi, Japan",100.0,0.0,94.5,15.6,5.4,0.0
"Tosa-Shi, Japan",100.0,0.0,93.5,15.6,3.2,0.0
"Tosa-Shi, Japan",100.0,1.0,89.5,15.2,8.3,0.0
"Tosa-Shi, Japan",100.0,3.0,92.3,14.8,4.3,0.0
"Tosa-Shi, Japan",100.0,5.0,92.0,14.7,2.9,0.0
"Tosa-Shi, Japan",100.0,23.0,94.0,14.3,3.2,0.1
"Tosa-Shi, Japan",100.0,36.0,94.1,14.3,5.0,0.1
"Tosa-Shi, Japan",100.0,33.0,95.8,14.2,7.2,0.1
"Tosa-Shi, Japan",100.0,35.0,95.0,14.3,10.4,0.1
"Tosa-Shi, Japan",100.0,37.0,95.1,14.1,10.4,0.1
"Tosa-Shi, Japan",100.0,35.0,93.0,14.1,8.3,0.1
"Tosa-Shi, Japan",100.0,25.0,88.4,14.0,9.7,0.1
"Tosa-Shi, Japan",100.0,24.0,85.5,14.0,8.6,0.1
"Tosa-Shi, Japan",100.0,21.0,87.0,13.5,7.2,0.1
"Tosa-Shi, Japan",100.0,19.0,86.8,13.4,6.8,0.1
"Tosa-Shi, Japan",100.0,15.0,86.6,13.4,6.8,0.1
"Tosa-Shi, Japan",100.0,13.0,87.0,12.8,5.4,0.0
"Tosa-Shi, Japan",100.0,0.0,87.0,12.5,6.1,0.0
"Tosa-Shi, Japan",100.0,0.0,86.5,12.2,6.5,0.0
"Tosa-Shi, Japan",11.8,0.0,85.8,12.1,5.4,0.0
"Tosa-Shi, Japan",0.0,0.0,86.0,11.6,5.4,0.0
"Tosa-Shi, Japan",0.0,0.0,86.0,11.4,5.4,0.0
"Tosa-Shi, Japan",0.0,0.0,86.5,11.2,5.8,0.0
"Tosa-Shi, Japan",0.0,0.0,87.1,10.9,6.5,0.0
"Tosa-Shi, Japan",0.0,0.0,87.0,10.6,5.8,0.0
"Tosa-Shi, Japan",0.0,6.0,85.5,11.1,4.7,0.0
"Tosa-Shi, Japan",5.0,50.0,81.5,12.7,2.9,0.2
"Tosa-Shi, Japan",13.3,119.0,75.9,14.4,3.2,0.4
"Tosa-Shi, Japan",5.0,199.0,71.0,16.0,2.5,0.7
"Tosa-Shi, Japan",5.0,775.0,67.5,17.1,4.7,2.8
"Tosa-Shi, Japan",0.6,839.0,67.8,17.5,9.4,3.0
"Tosa-Shi, Japan",4.0,883.0,70.6,17.7,14.4,3.2
"Tosa-Shi, Japan",33.4,906.0,68.1,18.4,13.3,3.3
"Tosa-Shi, Japan",66.1,887.0,61.7,20.1,11.5,3.2
"Tosa-Shi, Japan",46.5,819.0,64.0,20.5,16.9,2.9
"Tosa-Shi, Japan",2.4,451.0,61.0,20.6,13.7,1.6
"Tosa-Shi, Japan",0.0,437.0,51.9,20.9,12.2,1.6
"Tosa-Shi, Japan",0.0,361.0,58.7,19.1,10.8,1.3
"Tosa-Shi, Japan",0.0,278.0,62.7,16.2,12.2,1.0
"Tosa-Shi, Japan",0.0,223.0,62.0,14.8,11.2,0.8
"Tosa-Shi, Japan",0.0,185.0,63.7,13.4,11.9,0.7
"Tosa-Shi, Japan",0.0,0.0,64.6,12.4,11.2,0.0
"Tosa-Shi, Japan",0.0,0.0,66.5,11.5,10.1,0.0
"Tosa-Shi, Japan",0.0,0.0,67.5,10.9,10.4,0.0
"Tosa-Shi, Japan",0.0,0.0,67.8,10.4,10.1,0.0
"Tosa-Shi, Japan",0.0,0.0,66.8,10.0,7.9,0.0
"Tosa-Shi, Japan",0.0,0.0,66.6,9.7,7.2,0.0
"Tosa-Shi, Japan",0.0,0.0,67.4,9.2,8.3,0.0
"Tosa-Shi, Japan",4.5,0.0,67.1,8.9,7.9,0.0
"Tosa-Shi, Japan",0.6,7.0,66.4,9.2,7.6,0.0
"Tosa-Shi, Japan",3.0,54.0,59.7,11.1,6.1,0.2
"Tosa-Shi, Japan",59.7,126.0,51.9,13.3,3.2,0.5
"Tosa-Shi, Japan",5.0,209.0,44.9,15.0,4.0,0.8
"Tosa-Shi, Japan",5.0,801.0,43.5,15.7,9.7,2.9
"Tosa-Shi, Japan",64.3,863.0,41.9,16.6,13.7,3.1
"Tosa-Shi, Japan",100.0,891.0,43.2,17.1,9.7,3.2
"Tosa-Shi, Japan",100.0,732.0,53.5,15.4,16.9,2.6
"Tosa-Shi, Japan",100.0,616.0,53.4,15.1,16.6,2.2
"Tosa-Shi, Japan",100.0,551.0,52.7,15.5,10.8,2.0
"Tosa-Shi, Japan",67.2,497.3,54.4,15.1,12.1,1.8
"Tosa-Shi, Japan",34.5,443.7,56.0,14.8,13.4,1.6
"Tosa-Shi, Japan",1.7,390.0,57.7,14.5,14.8,1.4
"Tosa-Shi, Japan",1.3,326.7,61.6,13.3,13.2,1.2
"Tosa-Shi, Japan",0.8,263.3,65.5,12.2,11.6,0.9
"Tosa-Shi, Japan",0.4,200.0,69.4,11.1,10.1,0.7
"Tosa-Shi, Japan",0.3,133.3,69.4,10.6,9.1,0.5
"Tosa-Shi, Japan",0.1,66.7,69.5,10.1,8.2,0.2
"Tosa-Shi, Japan",0.0,0.0,69.5,9.7,7.2,0.0
"Tosa-Shi, Japan",0.0,0.0,70.1,9.5,7.2,0.0
"Tosa-Shi, Japan",0.0,0.0,70.7,9.4,7.2,0.0
"Tosa-Shi, Japan",0.0,0.0,71.3,9.3,7.2,0.0
"Tosa-Shi, Japan",0.0,2.3,71.8,9.3,7.7,0.0
"Tosa-Shi, Japan",0.0,4.7,72.3,9.3,8.2,0.0
"Tosa-Shi, Japan",0.0,7.0,72.8,9.3,8.6,0.0
"Tosa-Shi, Japan",0.7,74.7,62.3,11.6,9.4,0.3
"Tosa-Shi, Japan",1.5,142.3,51.7,13.9,10.1,0.5
"Tosa-Shi, Japan",2.2,210.0,41.2,16.3,10.8,0.8
"Tosa-Shi, Japan",6.7,440.7,40.5,17.0,10.7,1.6
"Tosa-Shi, Japan",11.1,671.3,39.7,17.8,10.6,2.4
"Tosa-Shi, Japan",15.6,902.0,39.0,18.6,10.4,3.2
"Tosa-Shi, Japan",11.6,902.7,39.3,18.7,10.3,3.2
"Tosa-Shi, Japan",7.5,903.3,39.7,18.9,10.2,3.3
"Tosa-Shi, Japan",3.5,904.0,40.0,19.1,10.1,3.3
"Tosa-Shi, Japan",2.4,747.0,43.7,18.4,10.6,2.7
"Tosa-Shi, Japan",1.2,590.0,47.5,17.7,11.0,2.1
"Tosa-Shi, Japan",0.1,433.0,51.2,17.1,11.5,1.6
"Tosa-Shi, Japan",0.1,362.7,55.8,15.5,11.2,1.3
"Tosa-Shi, Japan",0.0,292.3,60.4,13.9,10.8,1.1
"Tosa-Shi, Japan",0.0,222.0,65.0,12.4,10.4,0.8
"Tosa-Shi, Japan",0.0,148.0,67.0,11.9,9.7,0.5
"Tosa-Shi, Japan",0.0,74.0,69.0,11.4,9.0,0.3
"Tosa-Shi, Japan",0.0,0.0,71.0,10.9,8.3,0.0
"Tosa-Shi, Japan",0.0,0.0,70.3,10.6,8.5,0.0
"Tosa-Shi, Japan",0.0,0.0,69.6,10.4,8.8,0.0
"Tosa-Shi, Japan",0.0,0.0,68.9,10.2,9.0,0.0
"Tosa-Shi, Japan",0.0,2.7,66.3,10.2,8.3,0.0
"Tosa-Shi, Japan",0.0,5.3,63.6,10.2,7.6,0.0
"Tosa-Shi, Japan",0.0,8.0,61.0,10.3,6.8,0.0
"Tosa-Shi, Japan",1.7,76.3,56.4,12.3,5.6,0.3
"Tosa-Shi, Japan",3.3,144.7,51.8,14.3,4.4,0.5
"Tosa-Shi, Japan",5.0,213.0,47.2,16.3,3.2,0.8
"Tosa-Shi, Japan",3.3,447.0,48.9,16.8,6.2,1.6
"Tosa-Shi, Japan",1.7,681.0,50.5,17.3,9.2,2.5
"Tosa-Shi, Japan",0.0,915.0,52.2,17.9,12.2,3.3
"Tosa-Shi, Japan",0.3,914.3,54.2,18.0,11.5,3.3
"Tosa-Shi, Japan",0.5,913.7,56.2,18.1,10.8,3.3
"Tosa-Shi, Japan",0.6,913.0,58.2,18.2,10.1,3.3
"Tosa-Shi, Japan",1.1,749.3,60.4,17.9,8.3,2.7
"Tosa-Shi, Japan",1.5,585.7,62.7,17.6,6.5,2.1
"Tosa-Shi, Japan",2.0,422.0,64.9,17.3,4.7,1.5
"Tosa-Shi, Japan",3.0,353.3,68.2,16.4,4.7,1.3
"Tosa-Shi, Japan",4.0,284.7,71.5,15.5,4.7,1.0
"Tosa-Shi, Japan",5.0,216.0,74.8,14.7,4.7,0.8
"Tosa-Shi, Japan",36.7,144.0,76.5,14.3,5.2,0.5
"Tosa-Shi, Japan",68.3,72.0,78.2,13.9,5.6,0.3
"Tosa-Shi, Japan",100.0,0.0,79.9,13.5,6.1,0.0
"Tosa-Shi, Japan",95.5,0.0,80.6,13.3,5.9,0.0
"Tosa-Shi, Japan",91.1,0.0,81.4,13.1,5.6,0.0
"Tosa-Shi, Japan",86.6,0.0,82.1,13.0,5.4,0.0
"Tosa-Shi, Japan",81.8,2.7,82.1,13.0,5.5,0.0
"Tosa-Shi, Japan",77.1,5.3,82.0,13.0,5.6,0.0
"Tosa-Shi, Japan",72.3,8.0,82.0,13.1,5.8,0.0
"Tosa-Shi, Japan",81.5,64.3,76.6,14.7,4.7,0.2
"Tosa-Shi, Japan",90.8,120.7,71.3,16.3,3.6,0.4
"Tosa-Shi, Japan",100.0,177.0,65.9,17.9,2.5,0.6
"Tosa-Shi, Japan",99.8,370.7,65.6,18.2,5.3,1.3
"Tosa-Shi, Japan",99.7,564.3,65.3,18.5,8.0,2.0
"Tosa-Shi, Japan",99.5,758.0,65.0,18.9,10.8,2.7
"Tosa-Shi, Japan",99.7,743.0,64.9,19.2,11.9,2.7
"Tosa-Shi, Japan",99.8,728.0,64.9,19.4,13.0,2.6
"Tosa-Shi, Japan",100.0,713.0,64.8,19.8,14.0,2.6
"Tosa-Shi, Japan",100.0,561.7,68.8,19.3,13.0,2.0
"Tosa-Shi, Japan",100.0,410.3,72.9,18.8,11.9,1.5
"Tosa-Shi, Japan",100.0,259.0,76.9,18.4,10.8,0.9
"Tosa-Shi, Japan",96.3,217.0,79.1,18.1,10.4,0.8
"Tosa-Shi, Japan",92.5,175.0,81.3,17.8,10.1,0.6
"Tosa-Shi, Japan",88.8,133.0,83.5,17.6,9.7,0.5
"Tosa-Shi, Japan",92.5,88.7,84.0,17.6,8.4,0.3
"Tosa-Shi, Japan",96.3,44.3,84.5,17.6,7.1,0.2
"Tosa-Shi, Japan",100.0,0.0,85.0,17.6,5.8,0.0
"Tosa-Shi, Japan",98.4,0.0,86.3,17.5,6.7,0.0
"Tosa-Shi, Japan",96.9,0.0,87.6,17.5,7.7,0.0
"Tosa-Shi, Japan",95.3,0.0,88.9,17.5,8.6,0.0
"Tosa-Shi, Japan",96.9,0.0,90.7,17.4,7.2,0.0
"Tosa-Shi, Japan",98.4,0.0,92.5,17.3,5.8,0.0
"Tosa-Shi, Japan",100.0,0.0,94.3,17.2,4.3,0.0
"Tosa-Shi, Japan",100.0,2.0,95.0,17.3,5.9,0.0
"Tosa-Shi, Japan",100.0,4.0,95.7,17.4,7.4,0.0
"Tosa-Shi, Japan",100.0,6.0,96.4,17.6,9.0,0.0
"Tosa-Shi, Japan",100.0,29.7,95.7,17.8,10.3,0.1
"Tosa-Shi, Japan",100.0,53.3,95.1,18.0,11.6,0.2
"Tosa-Shi, Japan",100.0,77.0,94.4,18.3,13.0,0.3
"Tosa-Shi, Japan",100.0,77.3,94.7,18.3,13.3,0.3
"Tosa-Shi, Japan",100.0,77.7,95.0,18.3,13.7,0.3
"Tosa-Shi, Japan",100.0,78.0,95.3,18.4,14.0,0.3
"Tosa-Shi, Japan",100.0,55.7,95.7,18.3,12.5,0.2
"Tosa-Shi, Japan",100.0,33.3,96.1,18.2,10.9,0.1
"Tosa-Shi, Japan",100.0,11.0,96.5,18.2,9.4,0.0
"Tosa-Shi, Japan",100.0,9.0,96.5,18.2,9.0,0.0
"Tosa-Shi, Japan",100.0,7.0,96.5,18.2,8.6,0.0
"Tosa-Shi, Japan",100.0,5.0,96.5,18.3,8.3,0.0
"Tosa-Shi, Japan",100.0,3.3,96.6,18.1,8.0,0.0
"Tosa-Shi, Japan",100.0,1.7,96.7,17.9,7.8,0.0
"Tosa-Shi, Japan",100.0,0.0,96.8,17.7,7.6,0.0
"Tosa-Shi, Japan",100.0,0.0,97.3,17.7,5.3,0.0
"Tosa-Shi, Japan",100.0,0.0,97.8,17.8,3.0,0.0
"Tosa-Shi, Japan",100.0,0.0,98.3,17.9,0.7,0.0
"Tosa-Shi, Japan",98.5,0.0,98.2,17.8,1.8,0.0
"Tosa-Shi, Japan",96.9,0.0,98.1,17.8,2.9,0.0
"Tosa-Shi, Japan",95.4,0.0,98.0,17.8,4.0,0.0
"Tosa-Shi, Japan",96.7,3.7,98.0,17.9,3.0,0.0
"Tosa-Shi, Japan",98.1,7.3,98.0,18.2,2.0,0.0
"Tosa-Shi, Japan",99.4,11.0,98.0,18.4,1.1,0.0
"Tosa-Shi, Japan",93.8,128.3,95.9,19.0,1.8,0.5
"Tosa-Shi, Japan",88.2,245.7,93.7,19.6,2.5,0.9
"Tosa-Shi, Japan",82.6,363.0,91.6,20.3,3.2,1.3
"Tosa-Shi, Japan",84.7,394.0,91.6,20.5,4.6,1.4
"Tosa-Shi, Japan",86.7,425.0,91.5,20.7,5.9,1.5
"Tosa-Shi, Japan",88.8,456.0,91.5,21.0,7.2,1.6
"Tosa-Shi, Japan",84.9,347.7,92.8,20.7,7.1,1.3
"Tosa-Shi, Japan",80.9,239.3,94.1,20.4,7.0,0.9
"Tosa-Shi, Japan",77.0,131.0,95.4,20.1,6.8,0.5
"Tosa-Shi, Japan",74.3,109.7,95.9,19.8,5.9,0.4
"Tosa-Shi, Japan",71.5,88.3,96.5,19.5,4.9,0.3
"Tosa-Shi, Japan",68.8,67.0,97.0,19.3,4.0,0.2
"Tosa-Shi, Japan",66.9,44.7,97.0,19.0,3.8,0.2
"Tosa-Shi, Japan",65.1,22.3,97.0,18.8,3.7,0.1
"Tosa-Shi, Japan",63.2,0.0,97.0,18.6,3.6,0.0
"Tosa-Shi, Japan",58.6,0.0,97.1,18.4,3.1,0.0
"Tosa-Shi, Japan",54.1,0.0,97.3,18.4,2.6,0.0
"Tosa-Shi, Japan",49.5,0.0,97.4,18.3,2.2,0.0
"Tosa-Shi, Japan",60.4,2.3,96.8,18.3,3.1,0.0
"Tosa-Shi, Japan",71.4,4.7,96.1,18.3,4.1,0.0
"Tosa-Shi, Japan",82.3,7.0,95.5,18.4,5.0,0.0
"Tosa-Shi, Japan",88.2,49.0,93.6,18.9,8.3,0.2
"Tosa-Shi, Japan",94.1,91.0,91.7,19.5,11.5,0.3
"Tosa-Shi, Japan",100.0,133.0,89.8,20.1,14.8,0.5
"Tosa-Shi, Japan",90.9,317.0,89.1,20.4,16.9,1.1
"Tosa-Shi, Japan",81.9,501.0,88.3,20.7,19.1,1.8
"Tosa-Shi, Japan",72.8,685.0,87.6,21.1,21.2,2.5
"Tosa-Shi, Japan",81.9,601.0,90.3,20.5,19.0,2.2
"Tosa-Shi, Japan",90.9,517.0,92.9,20.0,16.7,1.9
"Tosa-Shi, Japan",100.0,433.0,95.6,19.5,14.4,1.6
"Tosa-Shi, Japan",100.0,297.7,96.5,19.6,16.6,1.1
"Tosa-Shi, Japan",100.0,162.3,97.4,19.7,18.7,0.6
"Tosa-Shi, Japan",100.0,27.0,98.3,19.9,20.9,0.1
"Tosa-Shi, Japan",100.0,22.3,98.3,19.9,20.8,0.1
"Tosa-Shi, Japan",100.0,17.7,98.4,19.9,20.6,0.1
"Tosa-Shi, Japan",100.0,13.0,98.4,20.0,20.5,0.0
"Tosa-Shi, Japan",100.0,8.7,98.0,19.9,18.5,0.0
"Tosa-Shi, Japan",100.0,4.3,97.7,19.9,16.4,0.0
"Tosa-Shi, Japan",100.0,0.0,97.3,19.9,14.4,0.0
"Tosa-Shi, Japan",100.0,0.0,97.2,19.7,11.4,0.0
"Tosa-Shi, Japan",100.0,0.0,97.1,19.5,8.4,0.0
"Tosa-Shi, Japan",100.0,0.0,97.0,19.4,5.4,0.0
"Tosa-Shi, Japan",100.0,0.0,94.7,18.1,8.2,0.0
"Tosa-Shi, Japan",100.0,0.0,92.3,16.8,10.9,0.0
"Tosa-Shi, Japan",100.0,0.0,90.0,15.6,13.7,0.0
"Tosa-Shi, Japan",100.0,3.7,90.4,15.3,12.1,0.0
"Tosa-Shi, Japan",100.0,7.3,90.7,15.0,10.6,0.0
"Tosa-Shi, Japan",100.0,11.0,91.1,14.7,9.0,0.0
"Tosa-Shi, Japan",100.0,19.0,89.7,14.8,8.3,0.1
"Tosa-Shi, Japan",100.0,27.0,88.3,14.9,7.6,0.1
"Tosa-Shi, Japan",100.0,35.0,86.9,15.0,6.8,0.1
"Tosa-Shi, Japan",100.0,51.0,83.5,15.5,6.4,0.2
"Tosa-Shi, Japan",100.0,67.0,80.0,16.0,5.9,0.2
"Tosa-Shi, Japan",100.0,83.0,76.6,16.5,5.4,0.3
"Tosa-Shi, Japan",66.8,162.0,74.6,16.9,4.2,0.6
"Tosa-Shi, Japan",33.7,241.0,72.6,17.3,3.0,0.9
"Tosa-Shi, Japan",0.5,320.0,70.6,17.8,1.8,1.2
"Tosa-Shi, Japan",1.6,268.7,73.1,16.6,3.6,1.0
"Tosa-Shi, Japan",2.6,217.3,75.5,15.4,5.4,0.8
"Tosa-Shi, Japan",3.7,166.0,78.0,14.2,7.2,0.6
"Tosa-Shi, Japan",2.5,110.7,78.8,13.6,7.2,0.4
"Tosa-Shi, Japan",1.2,55.3,79.7,13.0,7.2,0.2
"Tosa-Shi, Japan",0.0,0.0,80.5,12.5,7.2,0.0
"Tosa-Shi, Japan",0.0,0.0,80.7,12.2,7.1,0.0
"Tosa-Shi, Japan",0.0,0.0,80.9,12.0,7.0,0.0
"Tosa-Shi, Japan",0.0,0.0,81.1,11.8,6.8,0.0
"Tosa-Shi, Japan",0.0,3.3,80.5,11.8,6.8,0.0
"Tosa-Shi, Japan",0.0,6.7,79.9,11.8,6.8,0.0
"Tosa-Shi, Japan",0.0,10.0,79.3,11.8,6.8,0.0
"Tosa-Shi, Japan",0.0,80.3,72.4,13.5,5.5,0.3
"Tosa-Shi, Japan",0.0,150.7,65.4,15.3,4.2,0.5
"Tosa-Shi, Japan",0.0,221.0,58.5,17.1,2.9,0.8
"Tosa-Shi, Japan",0.2,456.3,57.5,17.5,5.4,1.6
"Tosa-Shi, Japan",0.3,691.7,56.4,17.9,7.9,2.5
"Tosa-Shi, Japan",0.3,927.0,55.4,18.4,10.4,3.3
"Tosa-Shi, Japan",0.2,928.3,54.3,18.7,9.8,3.3
"Tosa-Shi, Japan",0.1,929.7,53.3,18.9,9.2,3.3
"Tosa-Shi, Japan",0.0,931.0,52.2,19.3,8.6,3.4
"Tosa-Shi, Japan",0.0,770.3,57.1,18.7,7.7,2.8
"Tosa-Shi, Japan",0.0,609.7,62.1,18.2,6.7,2.2
"Tosa-Shi, Japan",0.0,449.0,67.0,17.7,5.8,1.6
"Tosa-Shi, Japan",4.6,376.3,71.6,16.9,4.9,1.4
"Tosa-Shi, Japan",9.2,303.7,76.2,16.2,4.1,1.1
"Tosa-Shi, Japan",13.8,231.0,80.8,15.5,3.2,0.8
"Tosa-Shi, Japan",16.2,154.0,82.0,14.9,4.4,0.6
"Tosa-Shi, Japan",18.6,77.0,83.3,14.3,5.6,0.3
"Tosa-Shi, Japan",21.0,0.0,84.5,13.7,6.8,0.0
"Tosa-Shi, Japan",16.0,0.0,82.6,13.6,6.6,0.0
"Tosa-Shi, Japan",11.1,0.0,80.8,13.6,6.4,0.0
"Tosa-Shi, Japan",6.1,0.0,78.9,13.6,6.1,0.0
"Tosa-Shi, Japan",4.1,3.3,78.6,13.6,5.9,0.0
"Tosa-Shi, Japan",2.0,6.7,78.3,13.7,5.6,0.0
"Tosa-Shi, Japan",0.0,10.0,78.0,13.8,5.4,0.0
"Tosa-Shi, Japan",2.5,77.3,74.2,15.2,5.0,0.3
"Tosa-Shi, Japan",4.9,144.7,70.3,16.6,4.7,0.5
"Tosa-Shi, Japan",7.4,212.0,66.5,18.1,4.3,0.8
"Tosa-Shi, Japan",15.9,396.0,66.8,18.3,6.1,1.4
"Tosa-Shi, Japan",24.4,580.0,67.1,18.5,7.9,2.1
"Tosa-Shi, Japan",32.9,764.0,67.4,18.7,9.7,2.8
"Tosa-Shi, Japan",55.3,721.7,71.4,18.1,11.9,2.6
"Tosa-Shi, Japan",77.6,679.3,75.3,17.6,14.0,2.4
"Tosa-Shi, Japan",100.0,637.0,79.3,17.1,16.2,2.3
"Tosa-Shi, Japan",99.8,441.0,80.0,16.9,12.0,1.6
"Tosa-Shi, Japan",99.7,245.0,80.7,16.7,7.8,0.9
"Tosa-Shi, Japan",99.5,49.0,81.4,16.6,3.6,0.2
"Tosa-Shi, Japan",71.8,41.3,81.9,16.3,3.6,0.1
"Tosa-Shi, Japan",44.2,33.7,82.3,16.1,3.6,0.1
"Tosa-Shi, Japan",16.5,26.0,82.8,15.9,3.6,0.1
"Tosa-Shi, Japan",13.0,17.3,84.3,15.3,4.2,0.1
"Tosa-Shi, Japan",9.4,8.7,85.8,14.8,4.8,0.0
"Tosa-Shi, Japan",5.9,0.0,87.3,14.3,5.4,0.0
"Tosa-Shi, Japan",5.6,0.0,87.3,13.9,5.5,0.0
"Tosa-Shi, Japan",5.3,0.0,87.4,13.7,5.6,0.0
"Tosa-Shi, Japan",5.0,0.0,87.4,13.4,5.8,0.0
"Tosa-Shi, Japan",20.8,9.5,87.8,13.6,6.3,0.0
"Tosa-Shi, Japan",36.7,19.0,88.1,13.8,6.8,0.1
"Tosa-Shi, Japan",52.5,28.5,88.5,14.1,7.4,0.1
"Tosa-Shi, Japan",68.3,38.0,88.8,14.3,7.9,0.1
"Tosa-Shi, Japan",84.2,47.5,89.2,14.5,8.5,0.2
"Tosa-Shi, Japan",100.0,57.0,89.5,14.8,9.0,0.2
"Tosa-Shi, Japan",96.1,77.3,88.4,14.8,8.8,0.3
"Tosa-Shi, Japan",92.2,97.7,87.2,14.9,8.5,0.4
"Tosa-Shi, Japan",88.3,118.0,86.1,15.0,8.3,0.4
"Tosa-Shi, Japan",88.5,176.0,85.0,15.2,8.3,0.6
"Tosa-Shi, Japan",88.8,234.0,84.0,15.4,8.3,0.8
"Tosa-Shi, Japan",89.0,292.0,82.9,15.7,8.3,1.1
"Tosa-Shi, Japan",68.1,308.0,84.9,15.5,6.1,1.1
"Tosa-Shi, Japan",47.2,324.0,86.8,15.4,4.0,1.2
"Tosa-Shi, Japan",26.3,340.0,88.8,15.3,1.8,1.2
"Tosa-Shi, Japan",18.4,285.0,90.0,14.8,3.4,1.0
"Tosa-Shi, Japan",10.4,230.0,91.1,14.4,4.9,0.8
"Tosa-Shi, Japan",2.5,175.0,92.3,14.0,6.5,0.6
"Tosa-Shi, Japan",1.7,116.7,91.1,13.7,6.6,0.4
"Tosa-Shi, Japan",0.8,58.3,89.8,13.4,6.7,0.2
"Tosa-Shi, Japan",0.0,0.0,88.6,13.2,6.8,0.0
"Tosa-Shi, Japan",0.0,0.0,88.9,13.0,7.7,0.0
"Tosa-Shi, Japan",0.1,0.0,89.1,12.8,8.5,0.0
"Tosa-Shi, Japan",0.1,0.0,89.4,12.7,9.4,0.0
"Tosa-Shi, Japan",0.1,3.7,88.9,12.8,9.2,0.0
"Tosa-Shi, Japan",0.2,7.3,88.3,13.0,9.1,0.0
"Tosa-Shi, Japan",0.2,11.0,87.8,13.2,9.0,0.0
"Tosa-Shi, Japan",3.2,80.7,76.3,15.1,10.0,0.3
"Tosa-Shi, Japan",6.1,150.3,64.7,17.0,10.9,0.5
"Tosa-Shi, Japan",9.1,220.0,53.2,19.0,11.9,0.8
"Tosa-Shi, Japan",39.4,441.7,47.9,20.0,13.1,1.6
"Tosa-Shi, Japan",69.7,663.3,42.5,21.0,14.3,2.4
"Tosa-Shi, Japan",100.0,885.0,37.2,22.1,15.5,3.2
"Tosa-Shi, Japan",100.0,878.0,37.5,22.0,15.7,3.2
"Tosa-Shi, Japan",100.0,871.0,37.9,21.9,16.0,3.1
"Tosa-Shi, Japan",100.0,864.0,38.2,21.9,16.2,3.1
"Tosa-Shi, Japan",,,,,,
"Tosa-Shi, Japan",,,,,,
"Tosa-Shi, Japan",,,,,,
"Tosa-Shi, Japan",,,,,,
"Tosa-Shi, Japan",,,,,,
"Tosa-Shi, Japan",,,,,,
"Tosa-Shi, Japan",,,,,,
"Tosa-Shi, Japan",,,,,,
"Uwajima-Shi, Japan",100.0,0.0,73.5,10.9,9.4,0.0
"Uwajima-Shi, Japan",100.0,0.0,76.0,10.5,10.4,0.0
"Uwajima-Shi, Japan",15.8,0.0,75.8,10.5,10.1,0.0
"Uwajima-Shi, Japan",100.0,0.0,76.1,10.1,10.8,0.0
"Uwajima-Shi, Japan",80.6,0.0,73.9,10.2,8.6,0.0
"Uwajima-Shi, Japan",5.0,0.0,73.1,10.2,10.8,0.0
"Uwajima-Shi, Japan",23.2,4.0,71.8,10.5,13.0,0.0
"Uwajima-Shi, Japan",5.3,44.0,64.0,12.8,11.5,0.2
"Uwajima-Shi, Japan",96.0,112.0,55.7,15.3,7.9,0.4
"Uwajima-Shi, Japan",100.0,178.0,52.9,16.4,10.1,0.6
"Uwajima-Shi, Japan",100.0,650.0,50.5,17.3,13.3,2.3
"Uwajima-Shi, Japan",100.0,620.0,52.2,17.4,16.2,2.2
"Uwajima-Shi, Japan",99.3,710.0,53.0,18.3,17.3,2.6
"Uwajima-Shi, Japan",100.0,765.0,54.7,18.7,19.8,2.8
"Uwajima-Shi, Japan",100.0,713.0,57.9,18.1,19.8,2.6
"Uwajima-Shi, Japan",93.6,684.0,57.9,18.0,20.9,2.5
"Uwajima-Shi, Japan",100.0,601.0,51.9,18.4,19.4,2.2
"Uwajima-Shi, Japan",100.0,478.0,55.7,17.8,17.3,1.7
"Uwajima-Shi, Japan",97.0,359.0,66.5,16.4,16.2,1.3
"Uwajima-Shi, Japan",83.6,276.0,74.3,14.9,15.1,1.0
"Uwajima-Shi, Japan",100.0,221.0,78.8,14.0,14.8,0.8
"Uwajima-Shi, Japan",100.0,184.0,80.4,13.7,13.7,0.7
"Uwajima-Shi, Japan",100.0,0.0,80.6,13.6,13.3,0.0
"Uwajima-Shi, Japan",22.6,0.0,80.8,13.8,14.0,0.0
"Uwajima-Shi, Japan",86.0,0.0,82.8,13.7,12.6,0.0
"Uwajima-Shi, Japan",100.0,0.0,81.9,14.6,13.0,0.0
"Uwajima-Shi, Japan",69.4,0.0,84.4,14.6,13.7,0.0
"Uwajima-Shi, Japan",100.0,0.0,89.0,14.1,14.0,0.0
"Uwajima-Shi, Japan",100.0,0.0,87.8,14.7,13.7,0.0
"Uwajima-Shi, Japan",100.0,0.0,89.0,14.7,13.7,0.0
"Uwajima-Shi, Japan",100.0,2.0,91.0,14.7,13.7,0.0
"Uwajima-Shi, Japan",100.0,9.0,91.3,15.3,11.5,0.0
"Uwajima-Shi, Japan",100.0,17.0,93.6,15.2,10.4,0.1
"Uwajima-Shi, Japan",100.0,22.0,95.3,15.1,10.4,0.1
"Uwajima-Shi, Japan",100.0,101.0,94.0,15.7,12.2,0.4
"Uwajima-Shi, Japan",100.0,123.0,91.3,16.6,11.5,0.4
"Uwajima-Shi, Japan",100.0,119.0,90.5,16.8,11.5,0.4
"Uwajima-Shi, Japan",100.0,113.0,91.0,16.8,12.6,0.4
"Uwajima-Shi, Japan",100.0,114.0,90.4,17.0,11.5,0.4
"Uwajima-Shi, Japan",100.0,107.0,91.0,16.9,10.8,0.4
"Uwajima-Shi, Japan",100.0,58.0,91.4,16.6,10.4,0.2
"Uwajima-Shi, Japan",100.0,42.0,91.5,16.5,11.9,0.2
"Uwajima-Shi, Japan",100.0,32.0,92.5,16.4,10.1,0.1
"Uwajima-Shi, Japan",100.0,25.0,94.6,16.1,9.7,0.1
"Uwajima-Shi, Japan",100.0,20.0,96.6,15.9,9.0,0.1
"Uwajima-Shi, Japan",100.0,16.0,97.0,15.9,7.6,0.1
"Uwajima-Shi, Japan",100.0,0.0,96.8,15.7,8.3,0.0
"Uwajima-Shi, Japan",100.0,0.0,96.9,15.7,7.9,0.0
"Uwajima-Shi, Japan",100.0,0.0,96.8,15.8,7.9,0.0
"Uwajima-Shi, Japan",100.0,0.0,97.0,15.8,8.3,0.0
"Uwajima-Shi, Japan",100.0,0.0,97.6,15.7,8.3,0.0
"Uwajima-Shi, Japan",100.0,0.0,96.9,15.6,6.5,0.0
"Uwajima-Shi, Japan",100.0,0.0,96.0,15.6,5.4,0.0
"Uwajima-Shi, Japan",100.0,0.0,94.0,15.5,11.5,0.0
"Uwajima-Shi, Japan",100.0,0.0,93.5,15.1,14.0,0.0
"Uwajima-Shi, Japan",100.0,2.0,93.0,15.0,17.3,0.0
"Uwajima-Shi, Japan",100.0,4.0,95.6,14.5,11.9,0.0
"Uwajima-Shi, Japan",100.0,7.0,96.4,14.5,9.4,0.0
"Uwajima-Shi, Japan",100.0,32.0,93.8,14.7,8.6,0.1
"Uwajima-Shi, Japan",100.0,49.0,93.3,14.4,15.5,0.2
"Uwajima-Shi, Japan",100.0,59.0,93.4,14.1,16.2,0.2
"Uwajima-Shi, Japan",100.0,57.0,93.9,13.8,18.0,0.2
"Uwajima-Shi, Japan",100.0,49.0,92.6,13.4,15.5,0.2
"Uwajima-Shi, Japan",100.0,47.0,91.1,13.5,14.0,0.2
"Uwajima-Shi, Japan",100.0,66.0,90.5,13.7,14.0,0.2
"Uwajima-Shi, Japan",100.0,116.0,86.9,14.4,11.9,0.4
"Uwajima-Shi, Japan",100.0,105.0,88.0,14.2,10.4,0.4
"Uwajima-Shi, Japan",100.0,85.0,90.4,13.3,14.0,0.3
"Uwajima-Shi, Japan",100.0,68.0,90.3,13.1,10.1,0.2
"Uwajima-Shi, Japan",100.0,56.0,89.9,12.8,9.7,0.2
"Uwajima-Shi, Japan",100.0,0.0,89.0,12.6,9.4,0.0
"Uwajima-Shi, Japan",0.6,0.0,87.3,12.4,6.5,0.0
"Uwajima-Shi, Japan",0.0,0.0,86.0,12.2,3.2,0.0
"Uwajima-Shi, Japan",0.0,0.0,86.1,12.2,4.7,0.0
"Uwajima-Shi, Japan",0.0,0.0,86.8,12.2,7.2,0.0
"Uwajima-Shi, Japan",0.0,0.0,87.8,12.0,9.0,0.0
"Uwajima-Shi, Japan",22.2,0.0,86.5,11.9,9.0,0.0
"Uwajima-Shi, Japan",22.8,0.0,87.0,11.9,12.2,0.0
"Uwajima-Shi, Japan",74.5,4.0,88.8,12.4,12.6,0.0
"Uwajima-Shi, Japan",69.0,37.0,87.0,14.2,15.8,0.1
"Uwajima-Shi, Japan",70.5,100.0,79.8,16.2,13.0,0.4
"Uwajima-Shi, Japan",5.9,175.0,67.0,17.8,16.6,0.6
"Uwajima-Shi, Japan",0.0,772.0,67.3,18.4,19.4,2.8
"Uwajima-Shi, Japan",45.7,839.0,64.4,18.9,19.8,3.0
"Uwajima-Shi, Japan",48.2,815.0,62.5,19.4,16.9,2.9
"Uwajima-Shi, Japan",94.4,833.0,61.0,19.6,15.5,3.0
"Uwajima-Shi, Japan",16.2,766.0,64.4,19.4,11.5,2.8
"Uwajima-Shi, Japan",4.8,765.0,58.0,19.9,16.6,2.8
"Uwajima-Shi, Japan",0.8,648.0,53.7,20.0,18.7,2.3
"Uwajima-Shi, Japan",0.0,549.0,61.5,17.5,20.9,2.0
"Uwajima-Shi, Japan",0.0,441.0,61.7,15.7,16.2,1.6
"Uwajima-Shi, Japan",0.0,340.0,65.4,14.0,12.6,1.2
"Uwajima-Shi, Japan",0.0,272.0,67.4,13.3,9.7,1.0
"Uwajima-Shi, Japan",0.0,226.0,69.0,13.1,19.8,0.8
"Uwajima-Shi, Japan",0.0,0.0,65.4,13.0,21.6,0.0
"Uwajima-Shi, Japan",0.0,0.0,60.7,12.6,19.1,0.0
"Uwajima-Shi, Japan",0.0,0.0,56.7,12.3,18.0,0.0
"Uwajima-Shi, Japan",0.0,0.0,54.5,12.1,18.0,0.0
"Uwajima-Shi, Japan",0.0,0.0,53.9,11.8,17.6,0.0
"Uwajima-Shi, Japan",0.0,0.0,53.0,11.6,16.6,0.0
"Uwajima-Shi, Japan",0.0,0.0,52.7,11.4,16.2,0.0
"Uwajima-Shi, Japan",4.5,0.0,52.4,11.2,13.3,0.0
"Uwajima-Shi, Japan",0.0,5.0,54.0,11.3,10.8,0.0
"Uwajima-Shi, Japan",32.0,48.0,51.0,13.0,10.4,0.2
"Uwajima-Shi, Japan",10.8,118.0,42.4,14.1,7.6,0.4
"Uwajima-Shi, Japan",31.3,199.0,39.0,14.7,6.5,0.7
"Uwajima-Shi, Japan",91.0,780.0,37.7,15.0,6.1,2.8
"Uwajima-Shi, Japan",100.0,831.0,41.2,14.8,11.9,3.0
"Uwajima-Shi, Japan",100.0,657.0,61.2,11.4,5.4,2.4
"Uwajima-Shi, Japan",100.0,560.0,76.5,11.1,5.4,2.0
"Uwajima-Shi, Japan",100.0,510.0,81.0,11.3,4.0,1.8
"Uwajima-Shi, Japan",58.2,512.0,74.9,12.4,2.5,1.8
"Uwajima-Shi, Japan",51.0,429.0,73.6,12.4,2.5,1.5
"Uwajima-Shi, Japan",43.9,346.0,72.4,12.4,2.5,1.2
"Uwajima-Shi, Japan",36.7,263.0,71.1,12.5,2.5,0.9
"Uwajima-Shi, Japan",24.5,220.7,72.9,11.8,3.4,0.8
"Uwajima-Shi, Japan",12.2,178.3,74.6,11.2,4.2,0.6
"Uwajima-Shi, Japan",0.0,136.0,76.4,10.6,5.0,0.5
"Uwajima-Shi, Japan",0.0,90.7,77.6,10.4,4.6,0.3
"Uwajima-Shi, Japan",0.1,45.3,78.8,10.2,4.1,0.2
"Uwajima-Shi, Japan",0.1,0.0,80.0,10.1,3.6,0.0
"Uwajima-Shi, Japan",0.1,0.0,78.3,10.3,6.7,0.0
"Uwajima-Shi, Japan",0.0,0.0,76.7,10.6,9.8,0.0
"Uwajima-Shi, Japan",0.0,0.0,75.0,10.9,13.0,0.0
"Uwajima-Shi, Japan",0.0,1.7,74.1,11.2,16.2,0.0
"Uwajima-Shi, Japan",0.0,3.3,73.2,11.4,19.4,0.0
"Uwajima-Shi, Japan",0.0,5.0,72.3,11.8,22.7,0.0
"Uwajima-Shi, Japan",0.0,70.7,67.8,12.7,25.1,0.3
"Uwajima-Shi, Japan",0.0,136.3,63.2,13.6,27.5,0.5
"Uwajima-Shi, Japan",0.0,202.0,58.7,14.5,29.9,0.7
"Uwajima-Shi, Japan",14.5,422.0,59.7,14.7,28.4,1.5
"Uwajima-Shi, Japan",28.9,642.0,60.7,14.9,27.0,2.3
"Uwajima-Shi, Japan",43.4,862.0,61.7,15.2,25.6,3.1
"Uwajima-Shi, Japan",36.9,860.7,59.3,15.6,25.3,3.1
"Uwajima-Shi, Japan",30.5,859.3,56.9,16.0,25.1,3.1
"Uwajima-Shi, Japan",24.0,858.0,54.5,16.4,24.8,3.1
"Uwajima-Shi, Japan",16.0,714.7,57.3,16.1,20.4,2.6
"Uwajima-Shi, Japan",8.0,571.3,60.2,15.8,16.0,2.1
"Uwajima-Shi, Japan",0.0,428.0,63.0,15.5,11.5,1.5
"Uwajima-Shi, Japan",0.0,359.0,64.6,14.2,10.8,1.3
"Uwajima-Shi, Japan",0.0,290.0,66.2,13.0,10.1,1.0
"Uwajima-Shi, Japan",0.0,221.0,67.8,11.8,9.4,0.8
"Uwajima-Shi, Japan",0.0,147.3,69.3,11.3,9.0,0.5
"Uwajima-Shi, Japan",0.0,73.7,70.9,10.8,8.6,0.3
"Uwajima-Shi, Japan",0.0,0.0,72.4,10.4,8.3,0.0
"Uwajima-Shi, Japan",0.0,0.0,72.3,10.3,7.9,0.0
"Uwajima-Shi, Japan",0.0,0.0,72.1,10.2,7.6,0.0
"Uwajima-Shi, Japan",0.0,0.0,72.0,10.1,7.2,0.0
"Uwajima-Shi, Japan",0.0,2.0,71.2,10.2,7.2,0.0
"Uwajima-Shi, Japan",0.0,4.0,70.3,10.3,7.2,0.0
"Uwajima-Shi, Japan",0.0,6.0,69.5,10.4,7.2,0.0
"Uwajima-Shi, Japan",0.2,72.3,63.7,12.2,6.5,0.3
"Uwajima-Shi, Japan",0.3,138.7,57.8,14.0,5.8,0.5
"Uwajima-Shi, Japan",0.3,205.0,52.0,15.9,5.0,0.7
"Uwajima-Shi, Japan",0.2,440.7,53.6,16.2,7.2,1.6
"Uwajima-Shi, Japan",0.1,676.3,55.1,16.5,9.4,2.4
"Uwajima-Shi, Japan",0.0,912.0,56.7,16.9,11.5,3.3
"Uwajima-Shi, Japan",0.0,914.3,58.6,17.2,13.6,3.3
"Uwajima-Shi, Japan",0.0,916.7,60.6,17.6,15.6,3.3
"Uwajima-Shi, Japan",0.0,919.0,62.5,18.0,17.6,3.3
"Uwajima-Shi, Japan",1.5,761.0,65.5,17.8,16.4,2.7
"Uwajima-Shi, Japan",3.1,603.0,68.5,17.6,15.2,2.2
"Uwajima-Shi, Japan",4.6,445.0,71.5,17.4,14.0,1.6
"Uwajima-Shi, Japan",4.7,373.0,75.0,16.1,13.7,1.3
"Uwajima-Shi, Japan",4.9,301.0,78.4,14.8,13.3,1.1
"Uwajima-Shi, Japan",5.0,229.0,81.9,13.5,13.0,0.8
"Uwajima-Shi, Japan",31.7,152.7,82.6,13.4,13.4,0.5
"Uwajima-Shi, Japan",58.3,76.3,83.4,13.4,13.9,0.3
"Uwajima-Shi, Japan",85.0,0.0,84.1,13.4,14.4,0.0
"Uwajima-Shi, Japan",86.3,0.0,84.3,13.5,14.8,0.0
"Uwajima-Shi, Japan",87.7,0.0,84.4,13.6,15.1,0.0
"Uwajima-Shi, Japan",89.0,0.0,84.6,13.8,15.5,0.0
"Uwajima-Shi, Japan",92.7,1.7,84.7,13.8,15.4,0.0
"Uwajima-Shi, Japan",96.3,3.3,84.8,13.8,15.2,0.0
"Uwajima-Shi, Japan",100.0,5.0,84.9,13.9,15.1,0.0
"Uwajima-Shi, Japan",100.0,53.3,79.1,15.4,16.6,0.2
"Uwajima-Shi, Japan",100.0,101.7,73.3,17.0,18.0,0.4
"Uwajima-Shi, Japan",100.0,150.0,67.5,18.6,19.4,0.5
"Uwajima-Shi, Japan",99.8,374.7,64.9,19.3,22.2,1.3
"Uwajima-Shi, Japan",99.7,599.3,62.3,20.1,25.0,2.2
"Uwajima-Shi, Japan",99.5,824.0,59.7,20.9,27.7,3.0
"Uwajima-Shi, Japan",99.4,824.7,60.6,20.7,27.7,3.0
"Uwajima-Shi, Japan",99.2,825.3,61.6,20.5,27.7,3.0
"Uwajima-Shi, Japan",99.1,826.0,62.5,20.4,27.7,3.0
"Uwajima-Shi, Japan",99.4,681.3,66.7,19.7,26.3,2.5
"Uwajima-Shi, Japan",99.6,536.7,70.8,19.1,24.8,1.9
"Uwajima-Shi, Japan",99.9,392.0,75.0,18.5,23.4,1.4
"Uwajima-Shi, Japan",99.9,328.7,78.1,17.9,22.6,1.2
"Uwajima-Shi, Japan",100.0,265.3,81.2,17.4,21.7,1.0
"Uwajima-Shi, Japan",100.0,202.0,84.3,16.9,20.9,0.7
"Uwajima-Shi, Japan",100.0,134.7,84.8,16.8,20.5,0.5
"Uwajima-Shi, Japan",99.9,67.3,85.4,16.7,20.2,0.2
"Uwajima-Shi, Japan",99.9,0.0,85.9,16.7,19.8,0.0
"Uwajima-Shi, Japan",99.9,0.0,87.3,16.8,19.1,0.0
"Uwajima-Shi, Japan",100.0,0.0,88.6,16.9,18.4,0.0
"Uwajima-Shi, Japan",100.0,0.0,90.0,17.0,17.6,0.0
"Uwajima-Shi, Japan",100.0,0.0,91.5,16.9,17.0,0.0
"Uwajima-Shi, Japan",100.0,0.0,93.1,16.9,16.4,0.0
"Uwajima-Shi, Japan",100.0,0.0,94.6,16.9,15.8,0.0
"Uwajima-Shi, Japan",100.0,5.3,94.7,17.3,16.6,0.0
"Uwajima-Shi, Japan",100.0,10.7,94.7,17.7,17.3,0.0
"Uwajima-Shi, Japan",100.0,16.0,94.8,18.1,18.0,0.1
"Uwajima-Shi, Japan",100.0,63.3,95.1,18.1,18.4,0.2
"Uwajima-Shi, Japan",100.0,110.7,95.5,18.1,18.7,0.4
"Uwajima-Shi, Japan",100.0,158.0,95.8,18.2,19.1,0.6
"Uwajima-Shi, Japan",100.0,141.3,96.0,18.2,18.1,0.5
"Uwajima-Shi, Japan",100.0,124.7,96.3,18.2,17.2,0.4
"Uwajima-Shi, Japan",100.0,108.0,96.5,18.2,16.2,0.4
"Uwajima-Shi, Japan",100.0,76.7,96.1,18.2,16.2,0.3
"Uwajima-Shi, Japan",100.0,45.3,95.8,18.2,16.2,0.2
"Uwajima-Shi, Japan",100.0,14.0,95.4,18.3,16.2,0.1
"Uwajima-Shi, Japan",100.0,11.7,95.8,18.2,14.4,0.0
"Uwajima-Shi, Japan",100.0,9.3,96.1,18.2,12.6,0.0
"Uwajima-Shi, Japan",100.0,7.0,96.5,18.2,10.8,0.0
"Uwajima-Shi, Japan",100.0,4.7,96.5,18.1,11.6,0.0
"Uwajima-Shi, Japan",100.0,2.3,96.5,18.0,12.5,0.0
"Uwajima-Shi, Japan",100.0,0.0,96.5,18.0,13.3,0.0
"Uwajima-Shi, Japan",100.0,0.0,96.8,18.1,12.7,0.0
"Uwajima-Shi, Japan",100.0,0.0,97.2,18.3,12.1,0.0
"Uwajima-Shi, Japan",100.0,0.0,97.5,18.5,11.5,0.0
"Uwajima-Shi, Japan",98.5,1.3,96.8,18.6,10.9,0.0
"Uwajima-Shi, Japan",96.9,2.7,96.0,18.7,10.3,0.0
"Uwajima-Shi, Japan",95.4,4.0,95.3,18.9,9.7,0.0
"Uwajima-Shi, Japan",83.4,44.0,92.8,19.4,9.7,0.2
"Uwajima-Shi, Japan",71.5,84.0,90.4,19.9,9.7,0.3
"Uwajima-Shi, Japan",59.5,124.0,87.9,20.5,9.7,0.4
"Uwajima-Shi, Japan",52.7,293.7,87.4,20.5,8.4,1.1
"Uwajima-Shi, Japan",46.0,463.3,87.0,20.5,7.1,1.7
"Uwajima-Shi, Japan",39.2,633.0,86.5,20.5,5.8,2.3
"Uwajima-Shi, Japan",57.4,640.0,86.7,20.3,5.8,2.3
"Uwajima-Shi, Japan",75.6,647.0,86.8,20.1,5.8,2.3
"Uwajima-Shi, Japan",93.8,654.0,87.0,20.0,5.8,2.4
"Uwajima-Shi, Japan",87.9,511.3,88.8,19.6,5.8,1.8
"Uwajima-Shi, Japan",81.9,368.7,90.6,19.2,5.8,1.3
"Uwajima-Shi, Japan",76.0,226.0,92.4,18.8,5.8,0.8
"Uwajima-Shi, Japan",78.1,190.0,92.6,18.8,6.0,0.7
"Uwajima-Shi, Japan",80.3,154.0,92.7,18.8,6.2,0.6
"Uwajima-Shi, Japan",82.4,118.0,92.9,18.9,6.5,0.4
"Uwajima-Shi, Japan",75.1,78.7,93.1,19.0,8.4,0.3
"Uwajima-Shi, Japan",67.8,39.3,93.2,19.1,10.3,0.1
"Uwajima-Shi, Japan",60.5,0.0,93.4,19.2,12.2,0.0
"Uwajima-Shi, Japan",68.5,0.0,93.6,18.9,13.7,0.0
"Uwajima-Shi, Japan",76.6,0.0,93.8,18.6,15.1,0.0
"Uwajima-Shi, Japan",84.6,0.0,94.0,18.4,16.6,0.0
"Uwajima-Shi, Japan",89.7,2.0,93.8,18.3,16.6,0.0
"Uwajima-Shi, Japan",94.8,4.0,93.5,18.3,16.6,0.0
"Uwajima-Shi, Japan",99.9,6.0,93.3,18.3,16.6,0.0
"Uwajima-Shi, Japan",99.9,58.3,88.2,19.2,19.1,0.2
"Uwajima-Shi, Japan",99.8,110.7,83.1,20.2,21.6,0.4
"Uwajima-Shi, Japan",99.8,163.0,78.0,21.2,24.1,0.6
"Uwajima-Shi, Japan",99.9,205.7,82.2,20.8,24.5,0.7
"Uwajima-Shi, Japan",99.9,248.3,86.4,20.4,24.8,0.9
"Uwajima-Shi, Japan",100.0,291.0,90.6,20.1,25.2,1.0
"Uwajima-Shi, Japan",100.0,262.3,91.3,20.2,25.6,0.9
"Uwajima-Shi, Japan",100.0,233.7,91.9,20.3,25.9,0.8
"Uwajima-Shi, Japan",100.0,205.0,92.6,20.4,26.3,0.7
"Uwajima-Shi, Japan",100.0,140.7,93.5,20.2,27.1,0.5
"Uwajima-Shi, Japan",100.0,76.3,94.4,20.1,28.0,0.3
"Uwajima-Shi, Japan",100.0,12.0,95.3,20.0,28.8,0.0
"Uwajima-Shi, Japan",100.0,10.0,96.2,19.7,27.8,0.0
"Uwajima-Shi, Japan",100.0,8.0,97.2,19.4,26.9,0.0
"Uwajima-Shi, Japan",100.0,6.0,98.1,19.2,25.9,0.0
"Uwajima-Shi, Japan",100.0,4.0,97.8,17.9,23.2,0.0
"Uwajima-Shi, Japan",100.0,2.0,97.6,16.6,20.4,0.0
"Uwajima-Shi, Japan",100.0,0.0,97.3,15.3,17.6,0.0
"Uwajima-Shi, Japan",100.0,0.0,96.9,14.9,18.0,0.0
"Uwajima-Shi, Japan",100.0,0.0,96.4,14.7,18.4,0.0
"Uwajima-Shi, Japan",100.0,0.0,96.0,14.4,18.7,0.0
"Uwajima-Shi, Japan",100.0,0.0,95.1,14.4,18.6,0.0
"Uwajima-Shi, Japan",100.0,0.0,94.2,14.5,18.5,0.0
"Uwajima-Shi, Japan",100.0,0.0,93.3,14.6,18.4,0.0
"Uwajima-Shi, Japan",100.0,5.0,92.6,14.3,19.3,0.0
"Uwajima-Shi, Japan",100.0,10.0,91.8,14.0,20.3,0.0
"Uwajima-Shi, Japan",100.0,15.0,91.1,13.7,21.2,0.1
"Uwajima-Shi, Japan",100.0,55.0,88.9,14.1,21.0,0.2
"Uwajima-Shi, Japan",100.0,95.0,86.7,14.5,20.8,0.3
"Uwajima-Shi, Japan",100.0,135.0,84.5,14.9,20.5,0.5
"Uwajima-Shi, Japan",99.5,176.3,78.5,15.7,19.9,0.6
"Uwajima-Shi, Japan",98.9,217.7,72.6,16.6,19.3,0.8
"Uwajima-Shi, Japan",98.4,259.0,66.6,17.5,18.7,0.9
"Uwajima-Shi, Japan",67.0,321.0,69.1,17.3,17.3,1.2
"Uwajima-Shi, Japan",35.7,383.0,71.5,17.1,15.8,1.4
"Uwajima-Shi, Japan",4.3,445.0,74.0,16.9,14.4,1.6
"Uwajima-Shi, Japan",2.9,373.3,77.0,15.8,13.7,1.3
"Uwajima-Shi, Japan",1.4,301.7,80.0,14.8,13.0,1.1
"Uwajima-Shi, Japan",0.0,230.0,83.0,13.8,12.2,0.8
"Uwajima-Shi, Japan",0.0,153.3,84.2,13.4,11.0,0.6
"Uwajima-Shi, Japan",0.0,76.7,85.3,12.9,9.8,0.3
"Uwajima-Shi, Japan",0.0,0.0,86.5,12.6,8.6,0.0
"Uwajima-Shi, Japan",0.0,0.0,85.8,12.4,8.3,0.0
"Uwajima-Shi, Japan",0.0,0.0,85.0,12.2,7.9,0.0
"Uwajima-Shi, Japan",0.0,0.0,84.3,12.0,7.6,0.0
"Uwajima-Shi, Japan",0.0,2.7,83.4,12.0,7.4,0.0
"Uwajima-Shi, Japan",0.0,5.3,82.4,12.0,7.3,0.0
"Uwajima-Shi, Japan",0.0,8.0,81.5,12.0,7.2,0.0
"Uwajima-Shi, Japan",0.2,76.0,75.9,13.7,6.2,0.3
"Uwajima-Shi, Japan",0.3,144.0,70.4,15.4,5.3,0.5
"Uwajima-Shi, Japan",0.3,212.0,64.8,17.1,4.3,0.8
"Uwajima-Shi, Japan",0.4,445.7,66.7,16.9,6.5,1.6
"Uwajima-Shi, Japan",0.4,679.3,68.5,16.9,8.6,2.4
"Uwajima-Shi, Japan",0.5,913.0,70.4,16.8,10.8,3.3
"Uwajima-Shi, Japan",8.2,914.3,71.1,16.7,9.5,3.3
"Uwajima-Shi, Japan",16.0,915.7,71.8,16.7,8.2,3.3
"Uwajima-Shi, Japan",23.7,917.0,72.5,16.7,6.8,3.3
"Uwajima-Shi, Japan",15.8,739.3,75.0,16.5,4.9,2.7
"Uwajima-Shi, Japan",7.9,561.7,77.6,16.4,3.0,2.0
"Uwajima-Shi, Japan",0.0,384.0,80.1,16.3,1.1,1.4
"Uwajima-Shi, Japan",0.5,322.3,81.2,15.4,3.5,1.2
"Uwajima-Shi, Japan",1.1,260.7,82.2,14.7,5.9,0.9
"Uwajima-Shi, Japan",1.6,199.0,83.3,13.9,8.3,0.7
"Uwajima-Shi, Japan",1.6,132.7,85.0,13.8,9.2,0.5
"Uwajima-Shi, Japan",1.7,66.3,86.8,13.7,10.2,0.2
"Uwajima-Shi, Japan",1.7,0.0,88.5,13.6,11.2,0.0
"Uwajima-Shi, Japan",25.8,0.0,87.3,13.9,9.7,0.0
"Uwajima-Shi, Japan",49.9,0.0,86.2,14.4,8.3,0.0
"Uwajima-Shi, Japan",74.0,0.0,85.0,14.8,6.8,0.0
"Uwajima-Shi, Japan",73.0,1.7,84.8,14.7,8.0,0.0
"Uwajima-Shi, Japan",72.1,3.3,84.7,14.7,9.2,0.0
"Uwajima-Shi, Japan",71.1,5.0,84.5,14.7,10.4,0.0
"Uwajima-Shi, Japan",70.9,47.0,79.5,16.0,8.0,0.2
"Uwajima-Shi, Japan",70.7,89.0,74.6,17.3,5.6,0.3
"Uwajima-Shi, Japan",70.5,131.0,69.6,18.7,3.2,0.5
"Uwajima-Shi, Japan",75.7,266.7,70.3,18.5,4.0,1.0
"Uwajima-Shi, Japan",80.9,402.3,70.9,18.4,4.7,1.4
"Uwajima-Shi, Japan",86.1,538.0,71.6,18.3,5.4,1.9
"Uwajima-Shi, Japan",74.8,532.7,72.1,18.1,4.8,1.9
"Uwajima-Shi, Japan",63.5,527.3,72.5,17.9,4.2,1.9
"Uwajima-Shi, Japan",52.2,522.0,73.0,17.7,3.6,1.9
"Uwajima-Shi, Japan",43.5,461.3,73.4,17.7,5.9,1.7
"Uwajima-Shi, Japan",34.8,400.7,73.7,17.7,8.2,1.4
"Uwajima-Shi, Japan",26.1,340.0,74.1,17.7,10.4,1.2
"Uwajima-Shi, Japan",19.3,286.0,79.0,16.7,10.4,1.0
"Uwajima-Shi, Japan",12.6,232.0,83.9,15.8,10.4,0.8
"Uwajima-Shi, Japan",5.8,178.0,88.8,14.9,10.4,0.6
"Uwajima-Shi, Japan",19.9,118.7,88.9,14.7,10.7,0.4
"Uwajima-Shi, Japan",33.9,59.3,88.9,14.5,10.9,0.2
"Uwajima-Shi, Japan",48.0,0.0,89.0,14.4,11.2,0.0
"Uwajima-Shi, Japan",33.7,0.0,88.8,14.2,10.4,0.0
"Uwajima-Shi, Japan",19.3,0.0,88.7,14.1,9.7,0.0
"Uwajima-Shi, Japan",5.0,0.0,88.5,14.0,9.0,0.0
"Uwajima-Shi, Japan",20.8,2.2,89.2,14.0,9.6,0.0
"Uwajima-Shi, Japan",36.7,4.3,89.8,14.0,10.2,0.0
"Uwajima-Shi, Japan",52.5,6.5,90.5,14.0,10.8,0.0
"Uwajima-Shi, Japan",68.3,8.7,91.2,14.0,11.4,0.0
"Uwajima-Shi, Japan",84.2,10.8,91.8,14.0,12.0,0.0
"Uwajima-Shi, Japan",100.0,13.0,92.5,14.1,12.6,0.0
"Uwajima-Shi, Japan",73.0,126.3,86.6,15.2,9.8,0.5
"Uwajima-Shi, Japan",46.1,239.7,80.8,16.4,7.1,0.9
"Uwajima-Shi, Japan",19.1,353.0,74.9,17.6,4.3,1.3
"Uwajima-Shi, Japan",23.5,443.0,75.6,17.5,6.2,1.6
"Uwajima-Shi, Japan",28.0,533.0,76.2,17.4,8.2,1.9
"Uwajima-Shi, Japan",32.4,623.0,76.9,17.4,10.1,2.2
"Uwajima-Shi, Japan",24.1,558.3,79.0,17.0,9.1,2.0
"Uwajima-Shi, Japan",15.7,493.7,81.2,16.6,8.2,1.8
"Uwajima-Shi, Japan",7.4,429.0,83.3,16.3,7.2,1.5
"Uwajima-Shi, Japan",27.8,360.0,84.3,15.8,7.7,1.3
"Uwajima-Shi, Japan",48.1,291.0,85.3,15.4,8.2,1.0
"Uwajima-Shi, Japan",68.5,222.0,86.3,15.0,8.6,0.8
"Uwajima-Shi, Japan",47.0,148.0,87.9,14.6,9.5,0.5
"Uwajima-Shi, Japan",25.6,74.0,89.4,14.2,10.3,0.3
"Uwajima-Shi, Japan",4.1,0.0,91.0,13.9,11.2,0.0
"Uwajima-Shi, Japan",4.0,0.0,91.3,13.6,11.0,0.0
"Uwajima-Shi, Japan",4.0,0.0,91.5,13.3,10.9,0.0
"Uwajima-Shi, Japan",3.9,0.0,91.8,13.0,10.8,0.0
"Uwajima-Shi, Japan",34.8,3.0,90.5,12.9,11.6,0.0
"Uwajima-Shi, Japan",65.7,6.0,89.2,12.8,12.5,0.0
"Uwajima-Shi, Japan",96.6,9.0,87.9,12.7,13.3,0.0
"Uwajima-Shi, Japan",97.7,70.0,81.4,14.1,13.4,0.3
"Uwajima-Shi, Japan",98.9,131.0,75.0,15.6,13.6,0.5
"Uwajima-Shi, Japan",100.0,192.0,68.5,17.1,13.7,0.7
"Uwajima-Shi, Japan",100.0,398.0,65.0,17.8,16.7,1.4
"Uwajima-Shi, Japan",100.0,604.0,61.4,18.5,19.7,2.2
"Uwajima-Shi, Japan",100.0,810.0,57.9,19.3,22.7,2.9
"Uwajima-Shi, Japan",100.0,792.0,56.7,19.1,22.1,2.9
"Uwajima-Shi, Japan",100.0,774.0,55.4,19.0,21.5,2.8
"Uwajima-Shi, Japan",100.0,756.0,54.2,18.9,20.9,2.7
"Uwajima-Shi, Japan",,,,,,
"Uwajima-Shi, Japan",,,,,,
"Uwajima-Shi, Japan",,,,,,
"Uwajima-Shi, Japan",,,,,,
"Uwajima-Shi, Japan",,,,,,
"Uwajima-Shi, Japan",,,,,,
"Uwajima-Shi, Japan",,,,,,
"Uwajima-Shi, Japan",,,,,,
